filename,random_lengths,most_common_lengths
7,"['slow', 'x-slow', 'fast', 'slow', 'slow', 'slow', 'medium', 'medium', 'medium', 'slow', 'slow', 'medium', 'medium', 'x-slow', 'slow', 'medium', 'x-fast', 'x-slow', 'x-fast', 'slow', 'x-slow', 'slow', 'slow', 'medium', 'fast', 'slow', 'x-fast', 'x-fast', 'medium', 'slow', 'fast', 'medium', 'fast', 'slow', 'x-fast', 'medium', 'medium', 'fast', 'slow', 'fast', 'x-fast', 'x-slow', 'slow', 'x-slow', 'x-slow', 'slow', 'slow', 'fast', 'x-fast', 'slow', 'medium', 'x-fast', 'fast', 'slow', 'x-slow', 'medium', 'x-slow', 'x-fast', 'x-slow', 'medium', 'fast', 'slow', 'fast', 'x-slow', 'medium', 'fast', 'slow', 'x-fast', 'slow', 'x-fast', 'x-fast', 'x-fast', 'x-slow', 'x-fast', 'x-fast', 'x-slow', 'fast', 'x-fast', 'x-slow', 'x-slow', 'fast', 'fast', 'slow', 'x-slow', 'slow', 'x-fast', 'medium', 'x-fast', 'x-slow', 'x-slow', 'x-slow', 'fast', 'x-slow', 'x-fast', 'medium', 'slow', 'slow', 'fast', 'fast', 'x-fast', 'x-fast', 'x-slow', 'slow', 'medium', 'x-slow', 'x-fast', 'x-fast', 'slow', 'fast', 'x-fast', 'fast', 'fast', 'x-fast', 'x-slow', 'x-fast', 'x-slow', 'slow', 'x-fast', 'x-fast', 'x-fast', 'slow', 'x-fast', 'slow', 'slow', 'medium', 'fast', 'slow', 'medium', 'slow', 'x-slow', 'slow', 'fast', 'medium', 'slow', 'slow', 'x-slow', 'x-slow', 'medium', 'x-slow', 'medium', 'fast', 'fast', 'fast', 'fast', 'x-fast', 'x-slow', 'x-slow', 'slow', 'x-fast', 'medium', 'x-fast', 'slow', 'fast', 'x-slow', 'x-slow', 'slow', 'x-slow', 'slow', 'slow', 'medium', 'x-slow', 'slow', 'x-fast', 'slow', 'fast', 'x-slow', 'x-slow', 'x-slow', 'slow', 'medium', 'x-slow', 'slow', 'x-fast', 'medium', 'x-slow', 'x-slow', 'fast', 'x-fast', 'medium', 'x-slow', 'x-slow', 'x-fast', 'slow', 'medium', 'fast', 'slow', 'medium', 'x-fast', 'fast', 'slow', 'slow', 'x-fast', 'slow', 'x-fast', 'medium', 'fast', 'slow', 'medium', 'medium', 'slow', 'x-slow', 'fast', 'medium', 'medium', 'x-slow', 'slow', 'slow', 'x-fast', 'slow', 'slow', 'slow', 'x-slow', 'x-fast', 'fast', 'x-slow', 'x-fast', 'fast', 'x-fast', 'fast', 'x-slow', 'x-fast', 'medium', 'slow', 'fast', 'fast', 'x-fast', 'slow', 'medium', 'x-fast', 'x-slow', 'medium', 'x-fast', 'x-slow', 'x-fast', 'x-fast', 'fast', 'fast', 'fast', 'fast', 'x-fast', 'slow', 'slow', 'x-slow', 'fast', 'fast', 'slow', 'x-slow', 'slow', 'fast', 'x-slow', 'x-slow', 'x-slow', 'x-fast', 'medium']","['x-fast', 'x-fast', 'x-fast', 'x-fast', 'x-fast', 'x-fast', 'x-fast', 'x-fast', 'x-fast', 'x-fast', 'x-fast', 'x-fast', 'x-fast', 'x-fast', 'x-fast', 'x-fast', 'x-fast', 'x-fast', 'x-fast', 'x-fast', 'x-fast', 'x-fast', 'x-fast', 'x-fast', 'x-fast', 'x-fast', 'x-fast', 'x-fast', 'x-fast', 'x-fast', 'x-fast', 'x-fast', 'x-fast', 'x-fast', 'x-fast', 'x-fast', 'x-fast', 'x-fast', 'x-fast', 'x-fast', 'x-fast', 'x-fast', 'x-fast', 'x-fast', 'x-fast', 'x-fast', 'x-fast', 'x-fast', 'x-fast', 'x-fast', 'x-fast', 'x-fast', 'x-fast', 'x-fast', 'x-fast', 'x-fast', 'x-fast', 'x-fast', 'x-fast', 'x-fast', 'x-fast', 'x-fast', 'x-fast', 'x-fast', 'x-fast', 'x-fast', 'x-fast', 'x-fast', 'x-fast', 'x-fast', 'x-fast', 'x-fast', 'x-fast', 'x-fast', 'x-fast', 'x-fast', 'x-fast', 'x-fast', 'x-fast', 'x-fast', 'x-fast', 'x-fast', 'x-fast', 'x-fast', 'x-fast', 'x-fast', 'x-fast', 'x-fast', 'x-fast', 'x-fast', 'x-fast', 'x-fast', 'x-fast', 'x-fast', 'x-fast', 'x-fast', 'x-fast', 'x-fast', 'x-fast', 'x-fast', 'x-fast', 'x-fast', 'x-fast', 'x-fast', 'x-fast', 'x-fast', 'x-fast', 'x-fast', 'x-fast', 'x-fast', 'x-fast', 'x-fast', 'x-fast', 'x-fast', 'x-fast', 'x-fast', 'x-fast', 'x-fast', 'x-fast', 'x-fast', 'x-fast', 'x-fast', 'x-fast', 'x-fast', 'x-fast', 'x-fast', 'x-fast', 'x-fast', 'x-fast', 'x-fast', 'x-fast', 'x-fast', 'x-fast', 'x-fast', 'x-fast', 'x-fast', 'x-fast', 'x-fast', 'x-fast', 'x-fast', 'x-fast', 'x-fast', 'x-fast', 'x-fast', 'x-fast', 'x-fast', 'x-fast', 'x-fast', 'x-fast', 'x-fast', 'x-fast', 'x-fast', 'x-fast', 'x-fast', 'x-fast', 'x-fast', 'x-fast', 'x-fast', 'x-fast', 'x-fast', 'x-fast', 'x-fast', 'x-fast', 'x-fast', 'x-fast', 'x-fast', 'x-fast', 'x-fast', 'x-fast', 'x-fast', 'x-fast', 'x-fast', 'x-fast', 'x-fast', 'x-fast', 'x-fast', 'x-fast', 'x-fast', 'x-fast', 'x-fast', 'x-fast', 'x-fast', 'x-fast', 'x-fast', 'x-fast', 'x-fast', 'x-fast', 'x-fast', 'x-fast', 'x-fast', 'x-fast', 'x-fast', 'x-fast', 'x-fast', 'x-fast', 'x-fast', 'x-fast', 'x-fast', 'x-fast', 'x-fast', 'x-fast', 'x-fast', 'x-fast', 'x-fast', 'x-fast', 'x-fast', 'x-fast', 'x-fast', 'x-fast', 'x-fast', 'x-fast', 'x-fast', 'x-fast', 'x-fast', 'x-fast', 'x-fast', 'x-fast', 'x-fast', 'x-fast', 'x-fast', 'x-fast', 'x-fast', 'x-fast', 'x-fast', 'x-fast', 'x-fast', 'x-fast', 'x-fast', 'x-fast', 'x-fast', 'x-fast', 'x-fast', 'x-fast', 'x-fast', 'x-fast', 'x-fast', 'x-fast', 'x-fast', 'x-fast', 'x-fast', 'x-fast', 'x-fast', 'x-fast', 'x-fast', 'x-fast', 'x-fast', 'x-fast', 'x-fast', 'x-fast', 'x-fast', 'x-fast', 'x-fast', 'x-fast', 'x-fast']"
12,"['medium', 'slow', 'fast', 'x-slow', 'medium', 'fast', 'fast', 'x-slow', 'fast', 'slow', 'x-fast', 'slow', 'x-slow', 'slow', 'medium', 'medium', 'x-fast', 'fast', 'medium', 'x-slow', 'x-slow', 'medium', 'medium', 'medium', 'x-slow', 'medium', 'fast', 'x-fast', 'x-fast', 'x-slow', 'medium', 'medium', 'slow', 'fast', 'slow', 'medium', 'x-fast', 'x-fast', 'medium', 'slow', 'x-slow', 'slow', 'x-fast', 'slow', 'x-slow', 'x-fast', 'medium', 'medium', 'slow', 'slow', 'x-slow', 'x-fast', 'x-slow', 'slow', 'medium', 'slow', 'medium', 'x-fast', 'x-fast', 'slow', 'medium', 'x-slow', 'fast', 'x-fast', 'medium', 'fast', 'medium', 'x-fast', 'x-fast', 'medium', 'slow', 'medium', 'fast', 'slow', 'x-fast', 'x-slow', 'x-slow', 'fast', 'fast', 'x-fast', 'medium', 'x-slow', 'medium', 'slow', 'slow', 'x-fast', 'fast', 'medium', 'x-fast', 'x-fast', 'x-fast', 'x-fast', 'fast', 'slow', 'x-slow', 'fast', 'fast', 'medium', 'x-fast', 'x-slow', 'x-slow', 'medium', 'slow', 'x-slow', 'x-slow', 'slow', 'medium', 'x-slow', 'medium', 'slow', 'fast', 'medium', 'x-fast', 'fast', 'slow', 'x-slow', 'fast', 'x-fast', 'x-fast', 'medium', 'slow', 'medium', 'slow', 'x-slow', 'x-fast', 'slow', 'x-slow', 'fast', 'fast', 'fast', 'fast', 'fast', 'x-slow', 'medium', 'slow', 'x-fast', 'fast', 'medium', 'fast', 'x-slow', 'medium', 'x-slow', 'fast', 'x-slow', 'x-slow', 'fast', 'fast', 'medium', 'medium', 'x-fast', 'fast', 'fast', 'slow', 'slow', 'x-slow', 'x-fast', 'x-fast', 'x-slow', 'medium', 'x-fast', 'x-slow', 'fast', 'x-slow', 'x-slow', 'medium', 'x-slow', 'x-fast', 'x-slow', 'x-slow', 'medium', 'fast', 'x-fast', 'fast', 'slow', 'x-fast', 'x-slow', 'fast', 'x-slow', 'x-fast', 'fast', 'fast', 'x-fast', 'medium', 'fast', 'slow', 'fast', 'x-slow', 'slow', 'fast', 'x-slow', 'fast', 'x-fast', 'medium', 'slow', 'x-fast', 'medium', 'medium', 'medium', 'x-slow', 'x-slow', 'x-slow', 'slow', 'medium', 'slow', 'x-slow', 'slow', 'medium', 'fast', 'medium', 'slow', 'x-fast', 'slow', 'medium', 'x-slow', 'fast', 'x-fast', 'medium', 'x-fast', 'medium', 'x-fast', 'fast', 'slow', 'slow', 'x-slow', 'fast', 'slow', 'fast', 'fast', 'x-fast', 'slow', 'medium', 'x-fast', 'x-fast', 'slow']","['fast', 'fast', 'fast', 'fast', 'fast', 'fast', 'fast', 'fast', 'fast', 'fast', 'fast', 'fast', 'fast', 'fast', 'fast', 'fast', 'fast', 'fast', 'fast', 'fast', 'fast', 'fast', 'fast', 'fast', 'fast', 'fast', 'fast', 'fast', 'fast', 'fast', 'fast', 'fast', 'fast', 'fast', 'fast', 'fast', 'fast', 'fast', 'fast', 'fast', 'fast', 'fast', 'fast', 'fast', 'fast', 'fast', 'fast', 'fast', 'fast', 'fast', 'fast', 'fast', 'fast', 'fast', 'fast', 'fast', 'fast', 'fast', 'fast', 'fast', 'fast', 'fast', 'fast', 'fast', 'fast', 'fast', 'fast', 'fast', 'fast', 'fast', 'fast', 'fast', 'fast', 'fast', 'fast', 'fast', 'fast', 'fast', 'fast', 'fast', 'fast', 'fast', 'fast', 'fast', 'fast', 'fast', 'fast', 'fast', 'fast', 'fast', 'fast', 'fast', 'fast', 'fast', 'fast', 'fast', 'fast', 'fast', 'fast', 'fast', 'fast', 'fast', 'fast', 'fast', 'fast', 'fast', 'fast', 'fast', 'fast', 'fast', 'fast', 'fast', 'fast', 'fast', 'fast', 'fast', 'fast', 'fast', 'fast', 'fast', 'fast', 'fast', 'fast', 'fast', 'fast', 'fast', 'fast', 'fast', 'fast', 'fast', 'fast', 'fast', 'fast', 'fast', 'fast', 'fast', 'fast', 'fast', 'fast', 'fast', 'fast', 'fast', 'fast', 'fast', 'fast', 'fast', 'fast', 'fast', 'fast', 'fast', 'fast', 'fast', 'fast', 'fast', 'fast', 'fast', 'fast', 'fast', 'fast', 'fast', 'fast', 'fast', 'fast', 'fast', 'fast', 'fast', 'fast', 'fast', 'fast', 'fast', 'fast', 'fast', 'fast', 'fast', 'fast', 'fast', 'fast', 'fast', 'fast', 'fast', 'fast', 'fast', 'fast', 'fast', 'fast', 'fast', 'fast', 'fast', 'fast', 'fast', 'fast', 'fast', 'fast', 'fast', 'fast', 'fast', 'fast', 'fast', 'fast', 'fast', 'fast', 'fast', 'fast', 'fast', 'fast', 'fast', 'fast', 'fast', 'fast', 'fast', 'fast', 'fast', 'fast', 'fast', 'fast', 'fast', 'fast', 'fast', 'fast', 'fast', 'fast', 'fast', 'fast', 'fast', 'fast', 'fast', 'fast', 'fast', 'fast', 'fast', 'fast', 'fast', 'fast', 'fast']"
76,"['slow', 'fast', 'slow', 'x-fast', 'x-fast', 'fast', 'slow', 'x-slow', 'x-fast', 'x-fast', 'x-slow', 'x-fast', 'medium', 'fast', 'x-fast', 'slow', 'slow', 'x-slow', 'slow', 'slow', 'slow', 'slow', 'x-fast', 'x-fast', 'fast', 'x-fast', 'x-slow', 'medium', 'x-slow', 'x-slow', 'medium', 'x-slow', 'medium', 'fast', 'x-slow', 'medium', 'fast', 'x-fast', 'fast', 'fast', 'slow', 'medium', 'fast', 'medium', 'fast', 'x-slow', 'x-slow', 'x-fast', 'x-slow', 'slow', 'x-slow', 'x-fast', 'x-slow', 'medium', 'x-slow', 'slow', 'fast', 'x-slow', 'x-slow', 'fast', 'fast', 'fast', 'x-fast', 'fast', 'x-fast', 'medium', 'x-slow', 'x-fast', 'medium', 'x-slow', 'slow', 'x-fast', 'fast', 'slow', 'x-fast', 'x-fast', 'slow', 'x-fast', 'fast', 'x-fast', 'x-fast', 'x-fast', 'x-fast', 'x-fast', 'x-fast', 'x-slow', 'x-slow', 'medium', 'x-slow', 'medium', 'x-slow', 'x-fast', 'fast', 'x-slow', 'fast', 'x-slow', 'fast', 'x-fast', 'fast', 'medium', 'medium', 'x-slow', 'medium', 'medium', 'fast', 'medium', 'medium', 'medium', 'slow', 'x-slow', 'x-slow', 'medium', 'medium', 'medium', 'slow', 'fast', 'fast', 'medium', 'x-fast', 'slow', 'x-slow', 'fast', 'x-fast', 'x-fast', 'slow', 'slow', 'x-slow', 'x-fast', 'slow', 'x-fast', 'slow', 'x-slow', 'x-slow', 'slow', 'x-fast', 'medium', 'x-slow', 'x-fast', 'x-slow', 'x-fast', 'fast', 'fast', 'medium', 'slow', 'medium', 'x-slow', 'slow', 'medium', 'x-fast', 'slow', 'x-slow', 'x-slow', 'x-fast', 'slow', 'fast', 'slow', 'x-fast', 'fast', 'slow', 'medium', 'x-fast', 'medium', 'x-fast', 'x-fast', 'x-fast', 'x-slow', 'slow', 'x-fast', 'slow', 'x-fast', 'slow', 'fast', 'slow', 'x-fast', 'fast', 'medium', 'fast', 'x-fast', 'x-slow', 'medium', 'slow', 'fast', 'slow', 'slow', 'x-slow', 'slow', 'slow', 'medium', 'slow', 'x-slow', 'fast', 'x-slow', 'medium', 'x-fast', 'slow', 'x-slow', 'slow', 'fast', 'fast', 'x-slow', 'fast', 'x-slow', 'medium', 'x-slow', 'x-slow', 'x-slow', 'medium', 'slow', 'slow', 'slow', 'slow']","['medium', 'medium', 'medium', 'medium', 'medium', 'medium', 'medium', 'medium', 'medium', 'medium', 'medium', 'medium', 'medium', 'medium', 'medium', 'medium', 'medium', 'medium', 'medium', 'medium', 'medium', 'medium', 'medium', 'medium', 'medium', 'medium', 'medium', 'medium', 'medium', 'medium', 'medium', 'medium', 'medium', 'medium', 'medium', 'medium', 'medium', 'medium', 'medium', 'medium', 'medium', 'medium', 'medium', 'medium', 'medium', 'medium', 'medium', 'medium', 'medium', 'medium', 'medium', 'medium', 'medium', 'medium', 'medium', 'medium', 'medium', 'medium', 'medium', 'medium', 'medium', 'medium', 'medium', 'medium', 'medium', 'medium', 'medium', 'medium', 'medium', 'medium', 'medium', 'medium', 'medium', 'medium', 'medium', 'medium', 'medium', 'medium', 'medium', 'medium', 'medium', 'medium', 'medium', 'medium', 'medium', 'medium', 'medium', 'medium', 'medium', 'medium', 'medium', 'medium', 'medium', 'medium', 'medium', 'medium', 'medium', 'medium', 'medium', 'medium', 'medium', 'medium', 'medium', 'medium', 'medium', 'medium', 'medium', 'medium', 'medium', 'medium', 'medium', 'medium', 'medium', 'medium', 'medium', 'medium', 'medium', 'medium', 'medium', 'medium', 'medium', 'medium', 'medium', 'medium', 'medium', 'medium', 'medium', 'medium', 'medium', 'medium', 'medium', 'medium', 'medium', 'medium', 'medium', 'medium', 'medium', 'medium', 'medium', 'medium', 'medium', 'medium', 'medium', 'medium', 'medium', 'medium', 'medium', 'medium', 'medium', 'medium', 'medium', 'medium', 'medium', 'medium', 'medium', 'medium', 'medium', 'medium', 'medium', 'medium', 'medium', 'medium', 'medium', 'medium', 'medium', 'medium', 'medium', 'medium', 'medium', 'medium', 'medium', 'medium', 'medium', 'medium', 'medium', 'medium', 'medium', 'medium', 'medium', 'medium', 'medium', 'medium', 'medium', 'medium', 'medium', 'medium', 'medium', 'medium', 'medium', 'medium', 'medium', 'medium', 'medium', 'medium', 'medium', 'medium', 'medium', 'medium', 'medium', 'medium', 'medium', 'medium', 'medium', 'medium', 'medium', 'medium', 'medium', 'medium', 'medium', 'medium', 'medium']"
147,"['x-fast', 'x-fast', 'x-slow', 'medium', 'x-slow', 'fast', 'slow', 'medium', 'slow', 'medium', 'medium', 'fast', 'x-fast', 'medium', 'x-fast', 'x-fast', 'slow', 'x-slow', 'x-fast', 'x-fast', 'medium', 'medium', 'slow', 'fast', 'fast', 'x-fast', 'x-fast', 'x-fast', 'x-fast', 'x-slow', 'medium', 'x-slow', 'x-fast', 'x-fast', 'fast', 'fast', 'x-fast', 'medium', 'medium', 'fast', 'medium', 'medium', 'x-fast', 'fast', 'fast', 'x-fast', 'x-slow', 'x-slow', 'x-slow', 'medium', 'x-slow', 'slow', 'x-slow', 'x-fast', 'fast', 'fast', 'x-slow', 'medium', 'fast', 'slow', 'x-fast', 'x-slow', 'medium', 'fast', 'medium', 'medium', 'x-fast', 'slow', 'fast', 'medium', 'x-fast', 'medium', 'medium', 'medium', 'fast', 'x-fast', 'fast', 'x-slow', 'fast', 'medium', 'slow', 'fast', 'slow', 'slow', 'medium', 'x-fast', 'fast', 'x-slow', 'x-fast', 'x-slow', 'slow', 'x-slow', 'x-fast', 'slow', 'fast', 'medium', 'slow', 'medium', 'fast', 'fast', 'fast', 'x-slow', 'slow', 'fast', 'medium', 'x-slow', 'x-slow', 'x-slow', 'x-slow', 'x-fast', 'slow', 'x-fast', 'medium', 'medium', 'x-fast', 'slow', 'medium', 'fast', 'fast', 'slow', 'x-slow', 'x-slow', 'x-fast', 'x-fast', 'slow', 'fast', 'x-fast', 'fast', 'fast', 'fast', 'medium']","['x-fast', 'x-fast', 'x-fast', 'x-fast', 'x-fast', 'x-fast', 'x-fast', 'x-fast', 'x-fast', 'x-fast', 'x-fast', 'x-fast', 'x-fast', 'x-fast', 'x-fast', 'x-fast', 'x-fast', 'x-fast', 'x-fast', 'x-fast', 'x-fast', 'x-fast', 'x-fast', 'x-fast', 'x-fast', 'x-fast', 'x-fast', 'x-fast', 'x-fast', 'x-fast', 'x-fast', 'x-fast', 'x-fast', 'x-fast', 'x-fast', 'x-fast', 'x-fast', 'x-fast', 'x-fast', 'x-fast', 'x-fast', 'x-fast', 'x-fast', 'x-fast', 'x-fast', 'x-fast', 'x-fast', 'x-fast', 'x-fast', 'x-fast', 'x-fast', 'x-fast', 'x-fast', 'x-fast', 'x-fast', 'x-fast', 'x-fast', 'x-fast', 'x-fast', 'x-fast', 'x-fast', 'x-fast', 'x-fast', 'x-fast', 'x-fast', 'x-fast', 'x-fast', 'x-fast', 'x-fast', 'x-fast', 'x-fast', 'x-fast', 'x-fast', 'x-fast', 'x-fast', 'x-fast', 'x-fast', 'x-fast', 'x-fast', 'x-fast', 'x-fast', 'x-fast', 'x-fast', 'x-fast', 'x-fast', 'x-fast', 'x-fast', 'x-fast', 'x-fast', 'x-fast', 'x-fast', 'x-fast', 'x-fast', 'x-fast', 'x-fast', 'x-fast', 'x-fast', 'x-fast', 'x-fast', 'x-fast', 'x-fast', 'x-fast', 'x-fast', 'x-fast', 'x-fast', 'x-fast', 'x-fast', 'x-fast', 'x-fast', 'x-fast', 'x-fast', 'x-fast', 'x-fast', 'x-fast', 'x-fast', 'x-fast', 'x-fast', 'x-fast', 'x-fast', 'x-fast', 'x-fast', 'x-fast', 'x-fast', 'x-fast', 'x-fast', 'x-fast', 'x-fast', 'x-fast', 'x-fast', 'x-fast', 'x-fast']"
152,"['slow', 'x-slow', 'medium', 'slow', 'medium', 'x-fast', 'medium', 'x-fast', 'x-slow', 'slow', 'medium', 'slow', 'fast', 'x-slow', 'medium', 'x-fast', 'medium', 'slow', 'fast', 'x-slow', 'slow', 'slow', 'medium', 'slow', 'x-slow', 'fast', 'fast', 'x-slow', 'medium', 'x-slow', 'medium', 'x-slow', 'slow', 'x-fast', 'fast', 'medium', 'x-fast', 'fast', 'fast', 'fast', 'slow', 'x-fast', 'medium', 'x-slow', 'slow', 'x-slow', 'medium', 'x-slow', 'fast', 'fast', 'medium', 'slow', 'x-fast', 'fast', 'slow', 'fast', 'x-fast', 'fast', 'medium', 'x-fast', 'fast', 'medium', 'slow', 'medium', 'slow', 'slow', 'slow', 'fast', 'x-slow', 'x-slow', 'x-fast', 'slow', 'slow', 'slow', 'slow', 'medium', 'x-fast', 'medium', 'fast', 'x-slow', 'medium', 'fast', 'x-slow', 'x-slow', 'x-slow', 'fast', 'fast', 'fast', 'slow', 'x-fast', 'x-fast', 'fast', 'fast', 'x-slow', 'x-slow', 'x-fast', 'fast', 'slow', 'x-fast', 'medium', 'fast', 'slow', 'medium', 'slow', 'x-slow', 'x-slow', 'x-fast', 'x-fast', 'fast', 'x-fast', 'x-slow', 'fast', 'medium', 'slow', 'x-fast', 'slow', 'x-fast', 'medium', 'x-slow', 'fast', 'x-fast', 'fast', 'medium', 'medium', 'x-slow', 'slow', 'x-fast', 'slow', 'x-fast', 'x-slow', 'slow', 'fast', 'fast', 'x-slow', 'medium', 'medium', 'fast', 'slow', 'fast', 'slow', 'fast', 'x-slow', 'x-slow', 'x-slow', 'medium', 'x-fast', 'fast', 'slow', 'medium', 'medium', 'slow', 'slow', 'fast', 'x-slow', 'x-slow', 'slow', 'x-slow', 'x-slow', 'fast', 'slow', 'x-fast', 'medium', 'medium', 'fast', 'x-slow', 'medium', 'medium', 'fast', 'x-slow', 'medium', 'x-slow', 'medium', 'medium', 'fast', 'slow']","['x-fast', 'x-fast', 'x-fast', 'x-fast', 'x-fast', 'x-fast', 'x-fast', 'x-fast', 'x-fast', 'x-fast', 'x-fast', 'x-fast', 'x-fast', 'x-fast', 'x-fast', 'x-fast', 'x-fast', 'x-fast', 'x-fast', 'x-fast', 'x-fast', 'x-fast', 'x-fast', 'x-fast', 'x-fast', 'x-fast', 'x-fast', 'x-fast', 'x-fast', 'x-fast', 'x-fast', 'x-fast', 'x-fast', 'x-fast', 'x-fast', 'x-fast', 'x-fast', 'x-fast', 'x-fast', 'x-fast', 'x-fast', 'x-fast', 'x-fast', 'x-fast', 'x-fast', 'x-fast', 'x-fast', 'x-fast', 'x-fast', 'x-fast', 'x-fast', 'x-fast', 'x-fast', 'x-fast', 'x-fast', 'x-fast', 'x-fast', 'x-fast', 'x-fast', 'x-fast', 'x-fast', 'x-fast', 'x-fast', 'x-fast', 'x-fast', 'x-fast', 'x-fast', 'x-fast', 'x-fast', 'x-fast', 'x-fast', 'x-fast', 'x-fast', 'x-fast', 'x-fast', 'x-fast', 'x-fast', 'x-fast', 'x-fast', 'x-fast', 'x-fast', 'x-fast', 'x-fast', 'x-fast', 'x-fast', 'x-fast', 'x-fast', 'x-fast', 'x-fast', 'x-fast', 'x-fast', 'x-fast', 'x-fast', 'x-fast', 'x-fast', 'x-fast', 'x-fast', 'x-fast', 'x-fast', 'x-fast', 'x-fast', 'x-fast', 'x-fast', 'x-fast', 'x-fast', 'x-fast', 'x-fast', 'x-fast', 'x-fast', 'x-fast', 'x-fast', 'x-fast', 'x-fast', 'x-fast', 'x-fast', 'x-fast', 'x-fast', 'x-fast', 'x-fast', 'x-fast', 'x-fast', 'x-fast', 'x-fast', 'x-fast', 'x-fast', 'x-fast', 'x-fast', 'x-fast', 'x-fast', 'x-fast', 'x-fast', 'x-fast', 'x-fast', 'x-fast', 'x-fast', 'x-fast', 'x-fast', 'x-fast', 'x-fast', 'x-fast', 'x-fast', 'x-fast', 'x-fast', 'x-fast', 'x-fast', 'x-fast', 'x-fast', 'x-fast', 'x-fast', 'x-fast', 'x-fast', 'x-fast', 'x-fast', 'x-fast', 'x-fast', 'x-fast', 'x-fast', 'x-fast', 'x-fast', 'x-fast', 'x-fast', 'x-fast', 'x-fast', 'x-fast', 'x-fast', 'x-fast', 'x-fast', 'x-fast', 'x-fast', 'x-fast', 'x-fast', 'x-fast', 'x-fast', 'x-fast', 'x-fast']"
324,"['fast', 'medium', 'x-fast', 'medium', 'fast', 'x-fast', 'x-slow', 'fast', 'medium', 'fast', 'x-fast', 'slow', 'medium', 'fast', 'x-fast', 'medium', 'slow', 'x-fast', 'fast', 'x-fast', 'x-fast', 'medium', 'fast', 'slow', 'fast', 'x-fast', 'x-fast', 'medium', 'x-slow', 'x-slow', 'slow', 'fast', 'x-fast', 'slow', 'medium', 'slow', 'x-fast', 'x-fast', 'x-slow', 'medium', 'x-slow', 'x-slow', 'medium', 'fast', 'x-slow', 'fast', 'x-fast', 'slow', 'medium', 'medium', 'x-slow', 'slow', 'slow', 'fast', 'x-fast', 'medium', 'x-slow', 'x-slow', 'x-slow', 'x-slow', 'fast', 'slow', 'x-fast', 'fast', 'medium', 'medium', 'fast', 'x-fast', 'slow', 'slow', 'x-slow', 'fast', 'x-slow', 'slow', 'x-fast', 'x-fast', 'medium', 'fast', 'medium', 'fast', 'x-fast', 'medium', 'medium', 'x-slow', 'x-slow', 'medium', 'fast', 'x-fast', 'medium', 'fast', 'slow', 'x-fast', 'x-slow', 'medium', 'slow', 'slow', 'fast', 'slow', 'x-slow', 'medium', 'x-fast', 'fast', 'medium', 'medium', 'medium', 'x-fast', 'medium', 'medium', 'medium', 'fast', 'slow', 'fast', 'medium', 'slow', 'fast', 'slow', 'x-slow', 'x-slow', 'slow', 'medium', 'slow', 'slow', 'slow', 'x-slow', 'fast', 'slow', 'x-slow', 'slow', 'medium', 'fast', 'slow', 'x-slow', 'medium', 'medium', 'slow', 'x-slow', 'medium', 'fast', 'x-slow', 'x-fast', 'fast', 'slow', 'fast', 'medium', 'slow', 'x-fast', 'slow', 'x-slow', 'x-fast', 'fast', 'x-fast', 'fast', 'x-slow', 'fast', 'x-slow', 'fast', 'medium', 'slow', 'fast', 'fast', 'medium', 'fast', 'fast', 'slow', 'x-fast', 'fast', 'x-slow', 'fast', 'fast', 'x-slow', 'fast', 'medium', 'x-slow', 'x-fast', 'medium', 'slow', 'x-slow', 'fast', 'medium', 'medium', 'x-fast', 'x-slow', 'slow', 'medium', 'x-slow', 'x-fast', 'slow', 'fast', 'medium', 'medium', 'x-slow', 'fast', 'slow']","['medium', 'medium', 'medium', 'medium', 'medium', 'medium', 'medium', 'medium', 'medium', 'medium', 'medium', 'medium', 'medium', 'medium', 'medium', 'medium', 'medium', 'medium', 'medium', 'medium', 'medium', 'medium', 'medium', 'medium', 'medium', 'medium', 'medium', 'medium', 'medium', 'medium', 'medium', 'medium', 'medium', 'medium', 'medium', 'medium', 'medium', 'medium', 'medium', 'medium', 'medium', 'medium', 'medium', 'medium', 'medium', 'medium', 'medium', 'medium', 'medium', 'medium', 'medium', 'medium', 'medium', 'medium', 'medium', 'medium', 'medium', 'medium', 'medium', 'medium', 'medium', 'medium', 'medium', 'medium', 'medium', 'medium', 'medium', 'medium', 'medium', 'medium', 'medium', 'medium', 'medium', 'medium', 'medium', 'medium', 'medium', 'medium', 'medium', 'medium', 'medium', 'medium', 'medium', 'medium', 'medium', 'medium', 'medium', 'medium', 'medium', 'medium', 'medium', 'medium', 'medium', 'medium', 'medium', 'medium', 'medium', 'medium', 'medium', 'medium', 'medium', 'medium', 'medium', 'medium', 'medium', 'medium', 'medium', 'medium', 'medium', 'medium', 'medium', 'medium', 'medium', 'medium', 'medium', 'medium', 'medium', 'medium', 'medium', 'medium', 'medium', 'medium', 'medium', 'medium', 'medium', 'medium', 'medium', 'medium', 'medium', 'medium', 'medium', 'medium', 'medium', 'medium', 'medium', 'medium', 'medium', 'medium', 'medium', 'medium', 'medium', 'medium', 'medium', 'medium', 'medium', 'medium', 'medium', 'medium', 'medium', 'medium', 'medium', 'medium', 'medium', 'medium', 'medium', 'medium', 'medium', 'medium', 'medium', 'medium', 'medium', 'medium', 'medium', 'medium', 'medium', 'medium', 'medium', 'medium', 'medium', 'medium', 'medium', 'medium', 'medium', 'medium', 'medium', 'medium', 'medium', 'medium', 'medium', 'medium', 'medium', 'medium', 'medium', 'medium', 'medium', 'medium', 'medium', 'medium', 'medium', 'medium', 'medium', 'medium', 'medium']"
478,"['x-slow', 'x-fast', 'slow', 'medium', 'medium', 'medium', 'slow', 'x-fast', 'slow', 'x-slow', 'fast', 'x-fast', 'fast', 'x-slow', 'x-fast', 'slow', 'slow', 'fast', 'fast', 'x-fast', 'x-fast', 'slow', 'x-slow', 'x-fast', 'medium', 'x-slow', 'x-slow', 'medium', 'fast', 'slow', 'fast', 'medium', 'slow', 'slow', 'slow', 'slow', 'slow', 'medium', 'slow', 'x-slow', 'x-fast', 'x-slow', 'x-slow', 'fast', 'x-fast', 'x-fast', 'fast', 'x-fast', 'medium', 'fast', 'medium', 'fast', 'fast', 'slow', 'fast', 'x-fast', 'x-fast', 'medium', 'slow', 'fast', 'x-slow', 'medium', 'fast', 'medium', 'slow', 'slow', 'medium', 'x-slow', 'fast', 'medium', 'slow', 'slow', 'fast', 'x-slow', 'x-slow', 'fast', 'medium', 'x-fast', 'fast', 'medium', 'fast', 'x-fast', 'x-fast', 'fast', 'x-slow', 'x-slow', 'x-slow', 'x-fast', 'slow', 'x-fast', 'x-slow', 'x-fast', 'x-fast', 'fast', 'fast', 'fast', 'slow', 'x-fast', 'x-fast', 'slow', 'fast', 'x-slow', 'medium', 'slow', 'fast', 'medium', 'x-slow', 'x-slow', 'x-fast', 'fast', 'slow', 'x-fast', 'x-fast', 'slow', 'medium', 'x-fast', 'slow', 'x-fast', 'x-fast', 'fast', 'fast', 'fast', 'x-slow', 'medium', 'fast', 'fast', 'slow', 'fast', 'fast', 'medium', 'x-fast', 'fast', 'x-slow', 'x-fast', 'x-fast', 'medium', 'medium', 'slow', 'x-slow', 'fast', 'x-fast', 'fast', 'slow', 'fast', 'slow', 'x-slow', 'x-fast', 'fast', 'x-fast', 'x-fast', 'x-fast', 'fast', 'slow', 'x-fast', 'medium', 'medium', 'slow', 'slow', 'slow', 'medium', 'x-slow', 'slow', 'x-slow', 'medium', 'fast', 'x-slow', 'slow', 'x-fast', 'fast', 'x-fast', 'x-slow', 'x-slow', 'medium', 'x-slow', 'fast', 'fast', 'slow', 'medium', 'x-slow', 'medium', 'x-slow', 'x-slow', 'medium', 'x-slow', 'x-slow', 'fast', 'fast', 'fast', 'x-slow', 'x-slow', 'fast', 'x-fast', 'x-slow', 'slow', 'slow', 'x-fast', 'x-fast', 'medium', 'x-slow', 'x-fast', 'medium', 'x-slow', 'x-slow', 'slow', 'x-slow', 'medium', 'fast', 'slow', 'x-slow', 'slow', 'slow', 'x-slow', 'x-fast', 'slow', 'slow', 'medium', 'x-slow', 'fast', 'fast', 'x-slow', 'fast', 'fast', 'x-fast', 'fast', 'slow', 'x-fast']","['fast', 'fast', 'fast', 'fast', 'fast', 'fast', 'fast', 'fast', 'fast', 'fast', 'fast', 'fast', 'fast', 'fast', 'fast', 'fast', 'fast', 'fast', 'fast', 'fast', 'fast', 'fast', 'fast', 'fast', 'fast', 'fast', 'fast', 'fast', 'fast', 'fast', 'fast', 'fast', 'fast', 'fast', 'fast', 'fast', 'fast', 'fast', 'fast', 'fast', 'fast', 'fast', 'fast', 'fast', 'fast', 'fast', 'fast', 'fast', 'fast', 'fast', 'fast', 'fast', 'fast', 'fast', 'fast', 'fast', 'fast', 'fast', 'fast', 'fast', 'fast', 'fast', 'fast', 'fast', 'fast', 'fast', 'fast', 'fast', 'fast', 'fast', 'fast', 'fast', 'fast', 'fast', 'fast', 'fast', 'fast', 'fast', 'fast', 'fast', 'fast', 'fast', 'fast', 'fast', 'fast', 'fast', 'fast', 'fast', 'fast', 'fast', 'fast', 'fast', 'fast', 'fast', 'fast', 'fast', 'fast', 'fast', 'fast', 'fast', 'fast', 'fast', 'fast', 'fast', 'fast', 'fast', 'fast', 'fast', 'fast', 'fast', 'fast', 'fast', 'fast', 'fast', 'fast', 'fast', 'fast', 'fast', 'fast', 'fast', 'fast', 'fast', 'fast', 'fast', 'fast', 'fast', 'fast', 'fast', 'fast', 'fast', 'fast', 'fast', 'fast', 'fast', 'fast', 'fast', 'fast', 'fast', 'fast', 'fast', 'fast', 'fast', 'fast', 'fast', 'fast', 'fast', 'fast', 'fast', 'fast', 'fast', 'fast', 'fast', 'fast', 'fast', 'fast', 'fast', 'fast', 'fast', 'fast', 'fast', 'fast', 'fast', 'fast', 'fast', 'fast', 'fast', 'fast', 'fast', 'fast', 'fast', 'fast', 'fast', 'fast', 'fast', 'fast', 'fast', 'fast', 'fast', 'fast', 'fast', 'fast', 'fast', 'fast', 'fast', 'fast', 'fast', 'fast', 'fast', 'fast', 'fast', 'fast', 'fast', 'fast', 'fast', 'fast', 'fast', 'fast', 'fast', 'fast', 'fast', 'fast', 'fast', 'fast', 'fast', 'fast', 'fast', 'fast', 'fast', 'fast', 'fast', 'fast', 'fast', 'fast', 'fast', 'fast', 'fast', 'fast', 'fast', 'fast', 'fast', 'fast', 'fast', 'fast', 'fast', 'fast', 'fast']"
516,"['slow', 'slow', 'slow', 'fast', 'medium', 'x-fast', 'fast', 'x-fast', 'medium', 'x-fast', 'slow', 'slow', 'slow', 'medium', 'x-fast', 'slow', 'x-slow', 'medium', 'x-slow', 'x-slow', 'slow', 'slow', 'medium', 'slow', 'x-slow', 'medium', 'medium', 'medium', 'fast', 'fast', 'slow', 'fast', 'x-fast', 'x-fast', 'fast', 'fast', 'medium', 'medium', 'medium', 'x-fast', 'x-slow', 'fast', 'medium', 'medium', 'x-fast', 'x-fast', 'x-fast', 'x-slow', 'slow', 'x-fast', 'medium', 'fast', 'medium', 'x-slow', 'medium', 'medium', 'slow', 'x-slow', 'x-slow', 'x-slow', 'fast', 'medium', 'fast', 'x-slow', 'x-slow', 'slow', 'medium', 'x-slow', 'x-fast', 'fast', 'medium', 'x-slow', 'x-slow', 'medium', 'x-fast', 'slow', 'x-slow', 'x-fast', 'fast', 'x-fast', 'medium', 'medium', 'x-slow', 'x-fast', 'medium', 'x-fast', 'x-fast', 'slow', 'x-slow', 'medium', 'medium', 'fast', 'x-slow', 'fast', 'x-fast', 'x-fast', 'fast', 'x-fast', 'fast', 'medium', 'slow', 'x-slow', 'slow', 'fast', 'medium', 'x-slow', 'fast', 'x-slow', 'medium', 'x-slow', 'x-fast', 'medium', 'fast', 'fast', 'x-fast', 'x-slow', 'x-slow', 'x-slow', 'medium', 'x-slow', 'x-fast', 'slow', 'x-slow', 'medium', 'fast', 'medium', 'x-fast', 'x-slow', 'x-fast', 'medium', 'x-slow', 'medium', 'medium', 'x-fast', 'slow', 'slow', 'x-fast', 'x-slow', 'slow', 'medium', 'medium', 'fast', 'fast', 'fast', 'x-slow', 'slow', 'x-slow', 'medium', 'medium', 'x-fast', 'fast', 'x-slow', 'x-slow', 'x-slow', 'x-slow', 'x-slow', 'fast', 'slow', 'medium', 'slow', 'fast', 'x-fast', 'fast', 'slow', 'x-slow', 'x-fast', 'x-slow', 'x-slow', 'medium', 'x-fast', 'slow', 'x-fast', 'fast', 'slow', 'x-slow', 'x-fast', 'medium', 'x-slow', 'x-fast', 'x-slow', 'slow', 'x-slow', 'slow', 'x-fast', 'slow', 'medium', 'slow', 'fast', 'medium', 'medium', 'medium']","['x-fast', 'x-fast', 'x-fast', 'x-fast', 'x-fast', 'x-fast', 'x-fast', 'x-fast', 'x-fast', 'x-fast', 'x-fast', 'x-fast', 'x-fast', 'x-fast', 'x-fast', 'x-fast', 'x-fast', 'x-fast', 'x-fast', 'x-fast', 'x-fast', 'x-fast', 'x-fast', 'x-fast', 'x-fast', 'x-fast', 'x-fast', 'x-fast', 'x-fast', 'x-fast', 'x-fast', 'x-fast', 'x-fast', 'x-fast', 'x-fast', 'x-fast', 'x-fast', 'x-fast', 'x-fast', 'x-fast', 'x-fast', 'x-fast', 'x-fast', 'x-fast', 'x-fast', 'x-fast', 'x-fast', 'x-fast', 'x-fast', 'x-fast', 'x-fast', 'x-fast', 'x-fast', 'x-fast', 'x-fast', 'x-fast', 'x-fast', 'x-fast', 'x-fast', 'x-fast', 'x-fast', 'x-fast', 'x-fast', 'x-fast', 'x-fast', 'x-fast', 'x-fast', 'x-fast', 'x-fast', 'x-fast', 'x-fast', 'x-fast', 'x-fast', 'x-fast', 'x-fast', 'x-fast', 'x-fast', 'x-fast', 'x-fast', 'x-fast', 'x-fast', 'x-fast', 'x-fast', 'x-fast', 'x-fast', 'x-fast', 'x-fast', 'x-fast', 'x-fast', 'x-fast', 'x-fast', 'x-fast', 'x-fast', 'x-fast', 'x-fast', 'x-fast', 'x-fast', 'x-fast', 'x-fast', 'x-fast', 'x-fast', 'x-fast', 'x-fast', 'x-fast', 'x-fast', 'x-fast', 'x-fast', 'x-fast', 'x-fast', 'x-fast', 'x-fast', 'x-fast', 'x-fast', 'x-fast', 'x-fast', 'x-fast', 'x-fast', 'x-fast', 'x-fast', 'x-fast', 'x-fast', 'x-fast', 'x-fast', 'x-fast', 'x-fast', 'x-fast', 'x-fast', 'x-fast', 'x-fast', 'x-fast', 'x-fast', 'x-fast', 'x-fast', 'x-fast', 'x-fast', 'x-fast', 'x-fast', 'x-fast', 'x-fast', 'x-fast', 'x-fast', 'x-fast', 'x-fast', 'x-fast', 'x-fast', 'x-fast', 'x-fast', 'x-fast', 'x-fast', 'x-fast', 'x-fast', 'x-fast', 'x-fast', 'x-fast', 'x-fast', 'x-fast', 'x-fast', 'x-fast', 'x-fast', 'x-fast', 'x-fast', 'x-fast', 'x-fast', 'x-fast', 'x-fast', 'x-fast', 'x-fast', 'x-fast', 'x-fast', 'x-fast', 'x-fast', 'x-fast', 'x-fast', 'x-fast', 'x-fast', 'x-fast', 'x-fast', 'x-fast', 'x-fast', 'x-fast', 'x-fast', 'x-fast', 'x-fast', 'x-fast', 'x-fast', 'x-fast', 'x-fast', 'x-fast', 'x-fast', 'x-fast', 'x-fast']"
591,"['fast', 'medium', 'fast', 'medium', 'fast', 'slow', 'fast', 'slow', 'slow', 'slow', 'x-fast', 'x-slow', 'slow', 'fast', 'medium', 'x-slow', 'x-slow', 'x-fast', 'fast', 'medium', 'medium', 'slow', 'medium', 'medium', 'x-fast', 'fast', 'medium', 'slow', 'x-slow', 'fast', 'x-slow', 'slow', 'medium', 'fast', 'fast', 'x-slow', 'fast', 'x-slow', 'x-fast', 'x-fast', 'x-fast', 'slow', 'x-fast', 'medium', 'fast', 'medium', 'fast', 'x-fast', 'slow', 'fast', 'x-slow', 'fast', 'x-fast', 'x-slow', 'slow', 'fast', 'medium', 'x-slow', 'slow', 'x-fast', 'x-fast', 'fast', 'x-slow', 'slow', 'medium', 'slow', 'x-slow', 'x-slow', 'x-fast', 'slow', 'fast', 'fast', 'x-fast', 'medium', 'x-fast', 'x-slow', 'slow', 'x-slow', 'x-slow', 'x-slow', 'fast', 'x-slow', 'x-fast', 'x-slow', 'x-fast', 'slow', 'x-slow', 'slow', 'x-slow', 'x-slow', 'x-slow', 'medium', 'slow', 'fast', 'medium', 'slow', 'medium', 'x-slow', 'fast', 'medium']","['medium', 'medium', 'medium', 'medium', 'medium', 'medium', 'medium', 'medium', 'medium', 'medium', 'medium', 'medium', 'medium', 'medium', 'medium', 'medium', 'medium', 'medium', 'medium', 'medium', 'medium', 'medium', 'medium', 'medium', 'medium', 'medium', 'medium', 'medium', 'medium', 'medium', 'medium', 'medium', 'medium', 'medium', 'medium', 'medium', 'medium', 'medium', 'medium', 'medium', 'medium', 'medium', 'medium', 'medium', 'medium', 'medium', 'medium', 'medium', 'medium', 'medium', 'medium', 'medium', 'medium', 'medium', 'medium', 'medium', 'medium', 'medium', 'medium', 'medium', 'medium', 'medium', 'medium', 'medium', 'medium', 'medium', 'medium', 'medium', 'medium', 'medium', 'medium', 'medium', 'medium', 'medium', 'medium', 'medium', 'medium', 'medium', 'medium', 'medium', 'medium', 'medium', 'medium', 'medium', 'medium', 'medium', 'medium', 'medium', 'medium', 'medium', 'medium', 'medium', 'medium', 'medium', 'medium', 'medium', 'medium', 'medium', 'medium', 'medium']"
665,"['x-fast', 'x-slow', 'fast', 'x-slow', 'medium', 'x-slow', 'fast', 'fast', 'x-slow', 'fast', 'medium', 'x-fast', 'x-fast', 'medium', 'slow', 'x-fast', 'fast', 'x-slow', 'fast', 'slow', 'medium', 'medium', 'medium', 'slow', 'x-slow', 'fast', 'x-slow', 'x-fast', 'x-slow', 'x-fast', 'x-fast', 'x-slow', 'fast', 'slow', 'fast', 'medium', 'fast', 'medium', 'slow', 'slow', 'medium', 'x-slow', 'x-slow', 'slow', 'slow', 'x-slow', 'x-fast', 'fast', 'fast', 'x-slow', 'fast', 'medium', 'x-fast', 'x-slow', 'slow', 'x-slow', 'fast', 'medium', 'x-fast', 'slow', 'x-slow', 'x-slow', 'slow', 'medium', 'x-fast', 'slow', 'medium', 'x-fast', 'fast', 'fast', 'x-slow', 'x-slow', 'x-slow', 'x-fast', 'fast', 'medium', 'x-fast', 'slow', 'fast', 'fast', 'fast', 'slow', 'x-slow', 'medium', 'fast', 'medium', 'fast', 'fast', 'x-fast', 'x-slow', 'fast', 'x-slow', 'fast', 'medium', 'slow', 'fast', 'fast', 'x-slow', 'fast', 'medium', 'x-fast', 'x-fast', 'slow', 'x-fast', 'slow', 'medium', 'slow', 'slow', 'slow', 'medium', 'x-fast', 'fast', 'fast', 'x-fast', 'x-slow', 'fast', 'slow', 'slow', 'medium', 'slow', 'fast', 'x-fast', 'x-slow', 'slow', 'x-slow', 'slow', 'fast', 'slow']","['x-fast', 'x-fast', 'x-fast', 'x-fast', 'x-fast', 'x-fast', 'x-fast', 'x-fast', 'x-fast', 'x-fast', 'x-fast', 'x-fast', 'x-fast', 'x-fast', 'x-fast', 'x-fast', 'x-fast', 'x-fast', 'x-fast', 'x-fast', 'x-fast', 'x-fast', 'x-fast', 'x-fast', 'x-fast', 'x-fast', 'x-fast', 'x-fast', 'x-fast', 'x-fast', 'x-fast', 'x-fast', 'x-fast', 'x-fast', 'x-fast', 'x-fast', 'x-fast', 'x-fast', 'x-fast', 'x-fast', 'x-fast', 'x-fast', 'x-fast', 'x-fast', 'x-fast', 'x-fast', 'x-fast', 'x-fast', 'x-fast', 'x-fast', 'x-fast', 'x-fast', 'x-fast', 'x-fast', 'x-fast', 'x-fast', 'x-fast', 'x-fast', 'x-fast', 'x-fast', 'x-fast', 'x-fast', 'x-fast', 'x-fast', 'x-fast', 'x-fast', 'x-fast', 'x-fast', 'x-fast', 'x-fast', 'x-fast', 'x-fast', 'x-fast', 'x-fast', 'x-fast', 'x-fast', 'x-fast', 'x-fast', 'x-fast', 'x-fast', 'x-fast', 'x-fast', 'x-fast', 'x-fast', 'x-fast', 'x-fast', 'x-fast', 'x-fast', 'x-fast', 'x-fast', 'x-fast', 'x-fast', 'x-fast', 'x-fast', 'x-fast', 'x-fast', 'x-fast', 'x-fast', 'x-fast', 'x-fast', 'x-fast', 'x-fast', 'x-fast', 'x-fast', 'x-fast', 'x-fast', 'x-fast', 'x-fast', 'x-fast', 'x-fast', 'x-fast', 'x-fast', 'x-fast', 'x-fast', 'x-fast', 'x-fast', 'x-fast', 'x-fast', 'x-fast', 'x-fast', 'x-fast', 'x-fast', 'x-fast', 'x-fast', 'x-fast', 'x-fast', 'x-fast', 'x-fast']"
759,"['x-fast', 'x-fast', 'fast', 'medium', 'x-slow', 'fast', 'x-slow', 'x-slow', 'slow', 'medium', 'medium', 'slow', 'slow', 'fast', 'slow', 'x-slow', 'x-slow', 'x-fast', 'x-fast', 'fast', 'slow', 'x-slow', 'slow', 'fast', 'fast', 'fast', 'fast', 'slow', 'medium', 'x-slow', 'medium', 'x-fast', 'x-slow', 'fast', 'fast', 'x-fast', 'fast', 'x-slow', 'slow', 'slow', 'fast', 'fast', 'fast', 'x-slow', 'medium', 'medium', 'x-fast', 'medium', 'slow', 'x-slow', 'slow', 'medium', 'x-slow', 'medium', 'medium', 'slow', 'slow', 'slow', 'fast', 'x-fast', 'medium', 'slow', 'x-fast', 'x-fast', 'medium', 'x-slow', 'slow', 'x-slow', 'x-slow', 'x-slow', 'fast', 'medium', 'x-fast', 'x-slow', 'x-slow', 'x-fast', 'fast', 'fast', 'x-fast', 'x-fast', 'medium', 'x-fast', 'slow', 'x-slow', 'fast', 'x-slow', 'x-fast', 'x-fast', 'x-fast', 'slow', 'medium', 'slow', 'x-slow', 'x-fast', 'medium', 'medium', 'fast', 'x-slow', 'medium', 'x-slow']","['x-fast', 'x-fast', 'x-fast', 'x-fast', 'x-fast', 'x-fast', 'x-fast', 'x-fast', 'x-fast', 'x-fast', 'x-fast', 'x-fast', 'x-fast', 'x-fast', 'x-fast', 'x-fast', 'x-fast', 'x-fast', 'x-fast', 'x-fast', 'x-fast', 'x-fast', 'x-fast', 'x-fast', 'x-fast', 'x-fast', 'x-fast', 'x-fast', 'x-fast', 'x-fast', 'x-fast', 'x-fast', 'x-fast', 'x-fast', 'x-fast', 'x-fast', 'x-fast', 'x-fast', 'x-fast', 'x-fast', 'x-fast', 'x-fast', 'x-fast', 'x-fast', 'x-fast', 'x-fast', 'x-fast', 'x-fast', 'x-fast', 'x-fast', 'x-fast', 'x-fast', 'x-fast', 'x-fast', 'x-fast', 'x-fast', 'x-fast', 'x-fast', 'x-fast', 'x-fast', 'x-fast', 'x-fast', 'x-fast', 'x-fast', 'x-fast', 'x-fast', 'x-fast', 'x-fast', 'x-fast', 'x-fast', 'x-fast', 'x-fast', 'x-fast', 'x-fast', 'x-fast', 'x-fast', 'x-fast', 'x-fast', 'x-fast', 'x-fast', 'x-fast', 'x-fast', 'x-fast', 'x-fast', 'x-fast', 'x-fast', 'x-fast', 'x-fast', 'x-fast', 'x-fast', 'x-fast', 'x-fast', 'x-fast', 'x-fast', 'x-fast', 'x-fast', 'x-fast', 'x-fast', 'x-fast', 'x-fast']"
793,"['medium', 'x-slow', 'x-slow', 'x-slow', 'slow', 'medium', 'fast', 'fast', 'x-slow', 'fast', 'x-fast', 'fast', 'slow', 'slow', 'medium', 'medium', 'fast', 'fast', 'slow', 'fast', 'medium', 'x-fast', 'fast', 'slow', 'fast', 'x-slow', 'x-fast', 'fast', 'medium', 'x-slow', 'x-fast', 'x-slow', 'x-fast', 'x-slow', 'x-slow', 'fast', 'x-slow', 'x-fast', 'fast', 'medium', 'slow', 'x-slow', 'slow', 'x-slow', 'fast', 'x-slow', 'slow', 'fast', 'x-slow', 'medium', 'x-fast', 'medium', 'fast', 'x-slow', 'x-slow', 'medium', 'x-slow', 'x-slow', 'x-slow', 'slow', 'medium', 'medium', 'medium', 'x-slow', 'slow', 'x-slow', 'fast', 'x-slow', 'medium', 'slow', 'slow', 'fast', 'fast', 'medium', 'medium', 'x-slow', 'medium', 'x-slow', 'slow', 'x-slow', 'x-slow', 'slow', 'x-fast', 'fast', 'slow', 'x-slow', 'slow', 'x-fast', 'x-fast', 'slow', 'x-slow', 'slow', 'x-slow', 'x-slow', 'x-fast', 'slow', 'slow', 'medium', 'x-fast', 'slow', 'fast', 'x-slow', 'x-fast', 'medium', 'slow', 'medium', 'x-slow', 'fast', 'medium', 'medium', 'fast', 'x-slow', 'fast', 'slow', 'x-fast', 'x-slow', 'slow', 'x-slow', 'x-fast', 'x-fast', 'x-slow', 'slow', 'fast', 'medium', 'slow', 'fast', 'fast', 'x-fast', 'x-fast', 'x-slow', 'x-fast', 'x-slow', 'fast', 'x-slow', 'fast', 'x-slow', 'x-slow', 'fast', 'x-slow', 'x-slow', 'x-slow', 'x-slow', 'fast', 'slow', 'fast', 'x-fast', 'x-slow', 'x-slow', 'x-slow', 'fast', 'x-fast', 'x-slow', 'medium', 'fast', 'medium', 'slow', 'medium', 'medium', 'medium', 'x-slow', 'fast', 'medium', 'medium', 'fast', 'x-fast', 'slow', 'medium', 'x-slow', 'fast', 'slow', 'x-slow', 'fast', 'x-slow', 'slow', 'x-slow', 'x-fast', 'medium', 'x-fast', 'x-fast', 'x-slow', 'fast', 'medium', 'slow', 'x-fast', 'medium', 'x-slow', 'x-fast', 'fast', 'slow', 'medium', 'medium', 'x-fast', 'fast', 'fast', 'x-slow', 'x-slow', 'fast']","['x-fast', 'x-fast', 'x-fast', 'x-fast', 'x-fast', 'x-fast', 'x-fast', 'x-fast', 'x-fast', 'x-fast', 'x-fast', 'x-fast', 'x-fast', 'x-fast', 'x-fast', 'x-fast', 'x-fast', 'x-fast', 'x-fast', 'x-fast', 'x-fast', 'x-fast', 'x-fast', 'x-fast', 'x-fast', 'x-fast', 'x-fast', 'x-fast', 'x-fast', 'x-fast', 'x-fast', 'x-fast', 'x-fast', 'x-fast', 'x-fast', 'x-fast', 'x-fast', 'x-fast', 'x-fast', 'x-fast', 'x-fast', 'x-fast', 'x-fast', 'x-fast', 'x-fast', 'x-fast', 'x-fast', 'x-fast', 'x-fast', 'x-fast', 'x-fast', 'x-fast', 'x-fast', 'x-fast', 'x-fast', 'x-fast', 'x-fast', 'x-fast', 'x-fast', 'x-fast', 'x-fast', 'x-fast', 'x-fast', 'x-fast', 'x-fast', 'x-fast', 'x-fast', 'x-fast', 'x-fast', 'x-fast', 'x-fast', 'x-fast', 'x-fast', 'x-fast', 'x-fast', 'x-fast', 'x-fast', 'x-fast', 'x-fast', 'x-fast', 'x-fast', 'x-fast', 'x-fast', 'x-fast', 'x-fast', 'x-fast', 'x-fast', 'x-fast', 'x-fast', 'x-fast', 'x-fast', 'x-fast', 'x-fast', 'x-fast', 'x-fast', 'x-fast', 'x-fast', 'x-fast', 'x-fast', 'x-fast', 'x-fast', 'x-fast', 'x-fast', 'x-fast', 'x-fast', 'x-fast', 'x-fast', 'x-fast', 'x-fast', 'x-fast', 'x-fast', 'x-fast', 'x-fast', 'x-fast', 'x-fast', 'x-fast', 'x-fast', 'x-fast', 'x-fast', 'x-fast', 'x-fast', 'x-fast', 'x-fast', 'x-fast', 'x-fast', 'x-fast', 'x-fast', 'x-fast', 'x-fast', 'x-fast', 'x-fast', 'x-fast', 'x-fast', 'x-fast', 'x-fast', 'x-fast', 'x-fast', 'x-fast', 'x-fast', 'x-fast', 'x-fast', 'x-fast', 'x-fast', 'x-fast', 'x-fast', 'x-fast', 'x-fast', 'x-fast', 'x-fast', 'x-fast', 'x-fast', 'x-fast', 'x-fast', 'x-fast', 'x-fast', 'x-fast', 'x-fast', 'x-fast', 'x-fast', 'x-fast', 'x-fast', 'x-fast', 'x-fast', 'x-fast', 'x-fast', 'x-fast', 'x-fast', 'x-fast', 'x-fast', 'x-fast', 'x-fast', 'x-fast', 'x-fast', 'x-fast', 'x-fast', 'x-fast', 'x-fast', 'x-fast', 'x-fast', 'x-fast', 'x-fast', 'x-fast', 'x-fast', 'x-fast', 'x-fast', 'x-fast', 'x-fast', 'x-fast', 'x-fast', 'x-fast', 'x-fast', 'x-fast', 'x-fast', 'x-fast', 'x-fast', 'x-fast', 'x-fast']"
823,"['x-slow', 'fast', 'medium', 'x-slow', 'fast', 'x-fast', 'slow', 'slow', 'x-slow', 'medium', 'medium', 'x-fast', 'medium', 'x-slow', 'slow', 'x-fast', 'fast', 'x-fast', 'x-fast', 'x-slow', 'slow', 'x-slow', 'x-slow', 'x-fast', 'medium', 'x-fast', 'x-slow', 'slow', 'medium', 'x-fast', 'x-slow', 'x-fast', 'x-fast', 'fast', 'medium', 'medium', 'fast', 'fast', 'slow', 'medium', 'slow', 'medium', 'slow', 'fast', 'x-slow', 'x-fast', 'x-slow', 'x-fast', 'slow', 'fast', 'x-slow', 'slow', 'slow', 'x-fast', 'fast', 'x-fast', 'slow', 'x-fast', 'x-slow', 'x-slow', 'fast', 'x-slow', 'slow', 'x-fast', 'medium', 'slow', 'x-fast', 'fast', 'slow', 'fast', 'x-fast', 'fast', 'fast', 'slow', 'x-fast', 'medium', 'medium', 'fast', 'medium', 'slow', 'medium', 'x-fast', 'medium', 'fast', 'x-fast', 'medium', 'fast', 'x-fast', 'slow', 'x-slow', 'x-slow', 'fast', 'x-slow', 'medium', 'slow', 'fast', 'medium', 'medium', 'medium', 'fast', 'x-slow', 'medium', 'x-slow', 'x-slow', 'x-slow']","['x-fast', 'x-fast', 'x-fast', 'x-fast', 'x-fast', 'x-fast', 'x-fast', 'x-fast', 'x-fast', 'x-fast', 'x-fast', 'x-fast', 'x-fast', 'x-fast', 'x-fast', 'x-fast', 'x-fast', 'x-fast', 'x-fast', 'x-fast', 'x-fast', 'x-fast', 'x-fast', 'x-fast', 'x-fast', 'x-fast', 'x-fast', 'x-fast', 'x-fast', 'x-fast', 'x-fast', 'x-fast', 'x-fast', 'x-fast', 'x-fast', 'x-fast', 'x-fast', 'x-fast', 'x-fast', 'x-fast', 'x-fast', 'x-fast', 'x-fast', 'x-fast', 'x-fast', 'x-fast', 'x-fast', 'x-fast', 'x-fast', 'x-fast', 'x-fast', 'x-fast', 'x-fast', 'x-fast', 'x-fast', 'x-fast', 'x-fast', 'x-fast', 'x-fast', 'x-fast', 'x-fast', 'x-fast', 'x-fast', 'x-fast', 'x-fast', 'x-fast', 'x-fast', 'x-fast', 'x-fast', 'x-fast', 'x-fast', 'x-fast', 'x-fast', 'x-fast', 'x-fast', 'x-fast', 'x-fast', 'x-fast', 'x-fast', 'x-fast', 'x-fast', 'x-fast', 'x-fast', 'x-fast', 'x-fast', 'x-fast', 'x-fast', 'x-fast', 'x-fast', 'x-fast', 'x-fast', 'x-fast', 'x-fast', 'x-fast', 'x-fast', 'x-fast', 'x-fast', 'x-fast', 'x-fast', 'x-fast', 'x-fast', 'x-fast', 'x-fast', 'x-fast', 'x-fast']"
840,"['fast', 'x-slow', 'medium', 'slow', 'slow', 'x-slow', 'medium', 'fast', 'medium', 'x-slow', 'slow', 'fast', 'medium', 'x-fast', 'fast', 'x-fast', 'medium', 'slow', 'fast', 'x-slow', 'x-fast', 'slow', 'x-slow', 'fast', 'x-fast', 'x-slow', 'x-fast', 'slow', 'slow', 'x-fast', 'x-fast', 'fast', 'x-slow', 'slow', 'fast', 'fast', 'x-slow', 'medium', 'slow', 'fast', 'slow', 'x-slow', 'fast', 'slow', 'x-slow', 'fast', 'x-slow', 'medium', 'slow', 'medium', 'x-slow', 'medium', 'slow', 'slow', 'fast', 'x-slow', 'slow', 'fast', 'x-fast', 'slow', 'medium', 'slow', 'x-slow', 'medium', 'medium', 'fast', 'x-slow', 'x-slow', 'x-fast', 'fast', 'x-fast', 'x-slow', 'x-slow', 'fast', 'x-slow', 'fast', 'x-slow', 'fast', 'slow', 'slow', 'fast', 'medium', 'x-fast', 'x-fast', 'fast', 'slow', 'x-slow', 'fast', 'x-slow', 'fast', 'x-fast', 'x-fast', 'x-fast', 'x-slow', 'fast', 'x-fast', 'slow', 'fast', 'x-fast', 'fast', 'x-fast', 'slow', 'slow', 'fast', 'fast', 'fast', 'x-fast', 'slow', 'x-slow', 'x-fast', 'fast', 'medium', 'x-slow', 'medium', 'medium', 'medium', 'x-slow', 'medium', 'x-fast', 'slow', 'slow', 'fast', 'slow', 'medium', 'x-slow', 'slow', 'medium', 'x-fast', 'slow', 'fast', 'fast', 'slow', 'x-fast', 'medium', 'x-fast', 'medium', 'medium', 'x-slow', 'x-fast', 'fast', 'fast', 'fast', 'fast', 'medium', 'fast', 'medium', 'x-fast', 'slow', 'fast', 'medium', 'fast', 'x-slow', 'medium', 'fast', 'x-slow', 'slow', 'slow', 'x-fast', 'x-fast', 'medium', 'x-fast', 'fast', 'fast', 'x-fast', 'medium', 'medium', 'x-slow', 'x-fast', 'x-fast', 'x-slow', 'slow', 'x-fast', 'slow', 'fast', 'fast', 'fast', 'x-slow', 'medium', 'fast', 'x-slow', 'fast', 'medium', 'x-slow', 'medium', 'slow', 'slow', 'fast', 'medium', 'medium', 'x-slow', 'fast', 'x-slow', 'fast', 'slow', 'fast', 'x-fast', 'medium', 'x-fast', 'medium', 'slow', 'medium', 'slow', 'fast', 'x-fast', 'x-fast', 'fast', 'x-fast', 'medium', 'medium', 'medium', 'slow', 'slow', 'fast', 'fast', 'fast', 'x-slow', 'slow', 'x-slow', 'slow', 'medium', 'x-fast', 'x-slow', 'medium', 'fast']","['x-fast', 'x-fast', 'x-fast', 'x-fast', 'x-fast', 'x-fast', 'x-fast', 'x-fast', 'x-fast', 'x-fast', 'x-fast', 'x-fast', 'x-fast', 'x-fast', 'x-fast', 'x-fast', 'x-fast', 'x-fast', 'x-fast', 'x-fast', 'x-fast', 'x-fast', 'x-fast', 'x-fast', 'x-fast', 'x-fast', 'x-fast', 'x-fast', 'x-fast', 'x-fast', 'x-fast', 'x-fast', 'x-fast', 'x-fast', 'x-fast', 'x-fast', 'x-fast', 'x-fast', 'x-fast', 'x-fast', 'x-fast', 'x-fast', 'x-fast', 'x-fast', 'x-fast', 'x-fast', 'x-fast', 'x-fast', 'x-fast', 'x-fast', 'x-fast', 'x-fast', 'x-fast', 'x-fast', 'x-fast', 'x-fast', 'x-fast', 'x-fast', 'x-fast', 'x-fast', 'x-fast', 'x-fast', 'x-fast', 'x-fast', 'x-fast', 'x-fast', 'x-fast', 'x-fast', 'x-fast', 'x-fast', 'x-fast', 'x-fast', 'x-fast', 'x-fast', 'x-fast', 'x-fast', 'x-fast', 'x-fast', 'x-fast', 'x-fast', 'x-fast', 'x-fast', 'x-fast', 'x-fast', 'x-fast', 'x-fast', 'x-fast', 'x-fast', 'x-fast', 'x-fast', 'x-fast', 'x-fast', 'x-fast', 'x-fast', 'x-fast', 'x-fast', 'x-fast', 'x-fast', 'x-fast', 'x-fast', 'x-fast', 'x-fast', 'x-fast', 'x-fast', 'x-fast', 'x-fast', 'x-fast', 'x-fast', 'x-fast', 'x-fast', 'x-fast', 'x-fast', 'x-fast', 'x-fast', 'x-fast', 'x-fast', 'x-fast', 'x-fast', 'x-fast', 'x-fast', 'x-fast', 'x-fast', 'x-fast', 'x-fast', 'x-fast', 'x-fast', 'x-fast', 'x-fast', 'x-fast', 'x-fast', 'x-fast', 'x-fast', 'x-fast', 'x-fast', 'x-fast', 'x-fast', 'x-fast', 'x-fast', 'x-fast', 'x-fast', 'x-fast', 'x-fast', 'x-fast', 'x-fast', 'x-fast', 'x-fast', 'x-fast', 'x-fast', 'x-fast', 'x-fast', 'x-fast', 'x-fast', 'x-fast', 'x-fast', 'x-fast', 'x-fast', 'x-fast', 'x-fast', 'x-fast', 'x-fast', 'x-fast', 'x-fast', 'x-fast', 'x-fast', 'x-fast', 'x-fast', 'x-fast', 'x-fast', 'x-fast', 'x-fast', 'x-fast', 'x-fast', 'x-fast', 'x-fast', 'x-fast', 'x-fast', 'x-fast', 'x-fast', 'x-fast', 'x-fast', 'x-fast', 'x-fast', 'x-fast', 'x-fast', 'x-fast', 'x-fast', 'x-fast', 'x-fast', 'x-fast', 'x-fast', 'x-fast', 'x-fast', 'x-fast', 'x-fast', 'x-fast', 'x-fast', 'x-fast', 'x-fast', 'x-fast', 'x-fast', 'x-fast', 'x-fast', 'x-fast', 'x-fast', 'x-fast', 'x-fast', 'x-fast', 'x-fast', 'x-fast', 'x-fast', 'x-fast', 'x-fast', 'x-fast', 'x-fast', 'x-fast', 'x-fast', 'x-fast', 'x-fast', 'x-fast', 'x-fast', 'x-fast', 'x-fast', 'x-fast', 'x-fast']"
842,"['slow', 'x-fast', 'x-slow', 'fast', 'medium', 'x-slow', 'medium', 'slow', 'fast', 'fast', 'x-slow', 'slow', 'x-fast', 'slow', 'x-fast', 'slow', 'x-fast', 'slow', 'slow', 'slow', 'medium', 'fast', 'fast', 'slow', 'slow', 'fast', 'fast', 'slow', 'x-slow', 'x-fast', 'x-fast', 'x-fast', 'x-slow', 'x-slow', 'fast', 'x-fast', 'medium', 'fast', 'medium', 'slow', 'fast', 'fast', 'slow', 'slow', 'x-fast', 'x-slow', 'x-slow', 'medium', 'x-fast', 'medium', 'slow', 'slow', 'x-slow', 'fast', 'x-fast', 'medium', 'fast', 'fast', 'medium', 'fast', 'fast', 'fast', 'medium', 'x-fast', 'x-slow', 'x-slow', 'slow', 'medium', 'slow', 'x-fast', 'x-fast', 'fast', 'x-slow', 'x-fast', 'x-fast', 'x-fast', 'x-slow', 'x-slow', 'fast', 'medium', 'medium', 'slow', 'x-fast', 'x-slow', 'medium', 'x-fast', 'slow', 'x-fast', 'fast', 'x-fast', 'x-slow', 'slow', 'x-fast', 'fast', 'x-slow', 'x-fast', 'x-fast', 'medium', 'fast', 'x-fast', 'x-slow', 'x-fast', 'medium', 'medium', 'slow', 'medium', 'medium', 'fast', 'x-slow', 'medium', 'fast', 'x-fast', 'slow', 'x-slow', 'fast', 'medium', 'fast', 'slow', 'medium', 'x-fast', 'fast', 'x-fast', 'slow', 'fast', 'slow', 'slow', 'slow', 'slow', 'x-slow', 'slow', 'x-fast', 'fast', 'x-slow', 'slow', 'x-fast', 'x-fast', 'slow', 'medium', 'x-fast', 'x-slow', 'x-slow', 'fast', 'slow', 'x-slow', 'fast', 'slow', 'medium', 'x-fast', 'slow', 'slow', 'medium', 'x-fast', 'x-slow', 'slow', 'x-fast', 'medium', 'x-fast', 'slow', 'x-fast', 'x-fast', 'slow', 'fast', 'fast', 'x-fast', 'fast', 'x-slow', 'x-slow', 'slow', 'slow', 'x-fast', 'fast', 'x-slow', 'x-slow', 'slow', 'medium', 'x-fast', 'x-slow', 'slow', 'slow', 'fast', 'x-fast', 'x-fast', 'medium', 'x-slow', 'slow', 'medium', 'fast', 'slow', 'slow', 'medium', 'x-fast', 'x-slow', 'medium', 'fast', 'fast', 'slow', 'x-fast', 'x-slow', 'x-slow', 'slow', 'x-fast', 'slow', 'medium', 'slow', 'medium', 'medium', 'fast', 'slow', 'fast', 'slow', 'medium', 'fast', 'medium', 'fast', 'x-fast', 'medium', 'fast', 'x-slow', 'medium', 'x-fast', 'fast', 'x-slow', 'x-fast', 'fast', 'medium', 'fast', 'x-fast', 'x-slow', 'x-fast', 'x-slow', 'medium', 'slow', 'fast', 'x-fast', 'x-fast', 'slow', 'x-slow', 'slow', 'slow', 'x-fast', 'fast', 'x-slow', 'fast', 'slow', 'fast']","['fast', 'fast', 'fast', 'fast', 'fast', 'fast', 'fast', 'fast', 'fast', 'fast', 'fast', 'fast', 'fast', 'fast', 'fast', 'fast', 'fast', 'fast', 'fast', 'fast', 'fast', 'fast', 'fast', 'fast', 'fast', 'fast', 'fast', 'fast', 'fast', 'fast', 'fast', 'fast', 'fast', 'fast', 'fast', 'fast', 'fast', 'fast', 'fast', 'fast', 'fast', 'fast', 'fast', 'fast', 'fast', 'fast', 'fast', 'fast', 'fast', 'fast', 'fast', 'fast', 'fast', 'fast', 'fast', 'fast', 'fast', 'fast', 'fast', 'fast', 'fast', 'fast', 'fast', 'fast', 'fast', 'fast', 'fast', 'fast', 'fast', 'fast', 'fast', 'fast', 'fast', 'fast', 'fast', 'fast', 'fast', 'fast', 'fast', 'fast', 'fast', 'fast', 'fast', 'fast', 'fast', 'fast', 'fast', 'fast', 'fast', 'fast', 'fast', 'fast', 'fast', 'fast', 'fast', 'fast', 'fast', 'fast', 'fast', 'fast', 'fast', 'fast', 'fast', 'fast', 'fast', 'fast', 'fast', 'fast', 'fast', 'fast', 'fast', 'fast', 'fast', 'fast', 'fast', 'fast', 'fast', 'fast', 'fast', 'fast', 'fast', 'fast', 'fast', 'fast', 'fast', 'fast', 'fast', 'fast', 'fast', 'fast', 'fast', 'fast', 'fast', 'fast', 'fast', 'fast', 'fast', 'fast', 'fast', 'fast', 'fast', 'fast', 'fast', 'fast', 'fast', 'fast', 'fast', 'fast', 'fast', 'fast', 'fast', 'fast', 'fast', 'fast', 'fast', 'fast', 'fast', 'fast', 'fast', 'fast', 'fast', 'fast', 'fast', 'fast', 'fast', 'fast', 'fast', 'fast', 'fast', 'fast', 'fast', 'fast', 'fast', 'fast', 'fast', 'fast', 'fast', 'fast', 'fast', 'fast', 'fast', 'fast', 'fast', 'fast', 'fast', 'fast', 'fast', 'fast', 'fast', 'fast', 'fast', 'fast', 'fast', 'fast', 'fast', 'fast', 'fast', 'fast', 'fast', 'fast', 'fast', 'fast', 'fast', 'fast', 'fast', 'fast', 'fast', 'fast', 'fast', 'fast', 'fast', 'fast', 'fast', 'fast', 'fast', 'fast', 'fast', 'fast', 'fast', 'fast', 'fast', 'fast', 'fast', 'fast', 'fast', 'fast', 'fast', 'fast', 'fast', 'fast', 'fast', 'fast', 'fast', 'fast', 'fast', 'fast', 'fast', 'fast', 'fast', 'fast', 'fast', 'fast', 'fast', 'fast', 'fast']"
848,"['x-slow', 'fast', 'x-slow', 'fast', 'x-fast', 'x-slow', 'slow', 'x-slow', 'slow', 'x-fast', 'x-slow', 'fast', 'slow', 'x-slow', 'fast', 'x-slow', 'fast', 'x-slow', 'medium', 'x-fast', 'x-slow', 'fast', 'medium', 'medium', 'slow', 'slow', 'fast', 'x-slow', 'x-fast', 'slow', 'fast', 'fast', 'medium', 'x-slow', 'fast', 'slow', 'medium', 'fast', 'x-fast', 'x-slow', 'fast', 'x-slow', 'x-slow', 'fast', 'x-slow', 'x-fast', 'medium', 'slow', 'x-slow', 'x-fast', 'slow', 'medium', 'fast', 'fast', 'slow', 'slow', 'slow', 'slow', 'x-slow', 'fast', 'x-slow', 'x-slow', 'slow', 'slow', 'x-slow', 'slow', 'slow', 'slow', 'fast', 'slow', 'x-fast', 'x-slow', 'fast', 'x-slow', 'slow', 'fast', 'slow', 'fast', 'x-fast', 'medium', 'slow', 'x-fast', 'x-fast', 'fast', 'medium', 'fast', 'x-slow', 'x-fast', 'medium', 'slow', 'x-fast', 'x-slow', 'slow', 'slow', 'slow', 'slow', 'x-slow', 'medium', 'x-slow', 'x-slow', 'x-slow', 'x-fast', 'medium', 'medium', 'fast', 'fast', 'slow', 'x-slow', 'medium', 'medium', 'x-fast', 'x-slow', 'x-fast', 'slow', 'x-slow', 'x-fast', 'medium', 'slow', 'x-slow', 'slow', 'medium', 'x-slow', 'x-fast', 'fast', 'fast', 'slow', 'x-fast', 'slow', 'fast', 'fast', 'fast', 'slow', 'slow', 'x-fast', 'fast', 'slow', 'medium', 'x-fast', 'medium', 'slow', 'x-fast', 'fast', 'fast', 'x-fast', 'x-slow', 'medium', 'x-fast', 'medium', 'medium', 'x-slow', 'x-slow', 'slow', 'slow', 'medium', 'fast', 'fast', 'x-slow', 'fast', 'x-fast', 'x-fast', 'x-fast', 'x-fast', 'x-slow', 'medium', 'x-slow', 'fast', 'fast', 'medium', 'medium', 'slow', 'x-fast', 'medium', 'fast', 'fast', 'fast', 'medium', 'slow', 'medium', 'x-fast', 'x-fast', 'medium', 'medium', 'x-fast', 'fast', 'slow', 'slow', 'x-fast', 'x-fast', 'medium', 'slow', 'fast', 'x-fast', 'slow', 'x-slow', 'slow', 'x-fast', 'x-fast', 'x-fast', 'x-slow', 'x-fast', 'x-slow', 'fast', 'x-fast', 'x-slow', 'slow', 'x-slow', 'x-slow', 'x-fast', 'fast', 'fast', 'x-slow', 'slow', 'medium', 'x-slow', 'x-fast', 'medium', 'x-fast', 'medium', 'x-slow', 'medium', 'x-slow', 'x-fast', 'fast', 'x-fast', 'x-slow', 'fast', 'fast']","['x-fast', 'x-fast', 'x-fast', 'x-fast', 'x-fast', 'x-fast', 'x-fast', 'x-fast', 'x-fast', 'x-fast', 'x-fast', 'x-fast', 'x-fast', 'x-fast', 'x-fast', 'x-fast', 'x-fast', 'x-fast', 'x-fast', 'x-fast', 'x-fast', 'x-fast', 'x-fast', 'x-fast', 'x-fast', 'x-fast', 'x-fast', 'x-fast', 'x-fast', 'x-fast', 'x-fast', 'x-fast', 'x-fast', 'x-fast', 'x-fast', 'x-fast', 'x-fast', 'x-fast', 'x-fast', 'x-fast', 'x-fast', 'x-fast', 'x-fast', 'x-fast', 'x-fast', 'x-fast', 'x-fast', 'x-fast', 'x-fast', 'x-fast', 'x-fast', 'x-fast', 'x-fast', 'x-fast', 'x-fast', 'x-fast', 'x-fast', 'x-fast', 'x-fast', 'x-fast', 'x-fast', 'x-fast', 'x-fast', 'x-fast', 'x-fast', 'x-fast', 'x-fast', 'x-fast', 'x-fast', 'x-fast', 'x-fast', 'x-fast', 'x-fast', 'x-fast', 'x-fast', 'x-fast', 'x-fast', 'x-fast', 'x-fast', 'x-fast', 'x-fast', 'x-fast', 'x-fast', 'x-fast', 'x-fast', 'x-fast', 'x-fast', 'x-fast', 'x-fast', 'x-fast', 'x-fast', 'x-fast', 'x-fast', 'x-fast', 'x-fast', 'x-fast', 'x-fast', 'x-fast', 'x-fast', 'x-fast', 'x-fast', 'x-fast', 'x-fast', 'x-fast', 'x-fast', 'x-fast', 'x-fast', 'x-fast', 'x-fast', 'x-fast', 'x-fast', 'x-fast', 'x-fast', 'x-fast', 'x-fast', 'x-fast', 'x-fast', 'x-fast', 'x-fast', 'x-fast', 'x-fast', 'x-fast', 'x-fast', 'x-fast', 'x-fast', 'x-fast', 'x-fast', 'x-fast', 'x-fast', 'x-fast', 'x-fast', 'x-fast', 'x-fast', 'x-fast', 'x-fast', 'x-fast', 'x-fast', 'x-fast', 'x-fast', 'x-fast', 'x-fast', 'x-fast', 'x-fast', 'x-fast', 'x-fast', 'x-fast', 'x-fast', 'x-fast', 'x-fast', 'x-fast', 'x-fast', 'x-fast', 'x-fast', 'x-fast', 'x-fast', 'x-fast', 'x-fast', 'x-fast', 'x-fast', 'x-fast', 'x-fast', 'x-fast', 'x-fast', 'x-fast', 'x-fast', 'x-fast', 'x-fast', 'x-fast', 'x-fast', 'x-fast', 'x-fast', 'x-fast', 'x-fast', 'x-fast', 'x-fast', 'x-fast', 'x-fast', 'x-fast', 'x-fast', 'x-fast', 'x-fast', 'x-fast', 'x-fast', 'x-fast', 'x-fast', 'x-fast', 'x-fast', 'x-fast', 'x-fast', 'x-fast', 'x-fast', 'x-fast', 'x-fast', 'x-fast', 'x-fast', 'x-fast', 'x-fast', 'x-fast', 'x-fast', 'x-fast', 'x-fast', 'x-fast', 'x-fast', 'x-fast', 'x-fast', 'x-fast', 'x-fast', 'x-fast', 'x-fast', 'x-fast', 'x-fast', 'x-fast', 'x-fast', 'x-fast', 'x-fast', 'x-fast', 'x-fast', 'x-fast', 'x-fast', 'x-fast', 'x-fast', 'x-fast', 'x-fast', 'x-fast', 'x-fast', 'x-fast', 'x-fast']"
938,"['x-fast', 'x-fast', 'slow', 'fast', 'medium', 'x-slow', 'x-slow', 'medium', 'medium', 'x-fast', 'slow', 'medium', 'x-fast', 'slow', 'fast', 'slow', 'x-slow', 'x-fast', 'medium', 'x-fast', 'fast', 'x-slow', 'x-slow', 'fast', 'fast', 'slow', 'x-fast', 'slow', 'slow', 'fast', 'medium', 'fast', 'x-slow', 'x-slow', 'x-slow', 'fast', 'slow', 'x-slow', 'x-slow', 'medium', 'slow', 'x-slow', 'x-fast', 'medium', 'fast', 'x-fast', 'medium', 'x-fast', 'x-fast', 'x-slow', 'x-slow', 'x-slow', 'x-fast', 'x-fast', 'x-fast', 'x-slow', 'slow', 'x-fast', 'medium', 'x-slow', 'medium', 'fast', 'fast', 'medium', 'slow', 'fast', 'x-slow', 'slow', 'fast', 'slow', 'fast', 'x-fast', 'fast', 'medium', 'x-fast', 'slow', 'x-fast', 'medium', 'slow', 'x-fast', 'slow', 'x-slow', 'slow', 'fast', 'medium', 'x-slow', 'x-fast', 'slow', 'x-fast', 'x-slow', 'x-slow', 'x-fast', 'x-fast', 'medium', 'x-slow', 'medium', 'x-fast', 'fast', 'medium', 'medium', 'x-fast', 'slow', 'fast', 'x-fast', 'medium']","['x-fast', 'x-fast', 'x-fast', 'x-fast', 'x-fast', 'x-fast', 'x-fast', 'x-fast', 'x-fast', 'x-fast', 'x-fast', 'x-fast', 'x-fast', 'x-fast', 'x-fast', 'x-fast', 'x-fast', 'x-fast', 'x-fast', 'x-fast', 'x-fast', 'x-fast', 'x-fast', 'x-fast', 'x-fast', 'x-fast', 'x-fast', 'x-fast', 'x-fast', 'x-fast', 'x-fast', 'x-fast', 'x-fast', 'x-fast', 'x-fast', 'x-fast', 'x-fast', 'x-fast', 'x-fast', 'x-fast', 'x-fast', 'x-fast', 'x-fast', 'x-fast', 'x-fast', 'x-fast', 'x-fast', 'x-fast', 'x-fast', 'x-fast', 'x-fast', 'x-fast', 'x-fast', 'x-fast', 'x-fast', 'x-fast', 'x-fast', 'x-fast', 'x-fast', 'x-fast', 'x-fast', 'x-fast', 'x-fast', 'x-fast', 'x-fast', 'x-fast', 'x-fast', 'x-fast', 'x-fast', 'x-fast', 'x-fast', 'x-fast', 'x-fast', 'x-fast', 'x-fast', 'x-fast', 'x-fast', 'x-fast', 'x-fast', 'x-fast', 'x-fast', 'x-fast', 'x-fast', 'x-fast', 'x-fast', 'x-fast', 'x-fast', 'x-fast', 'x-fast', 'x-fast', 'x-fast', 'x-fast', 'x-fast', 'x-fast', 'x-fast', 'x-fast', 'x-fast', 'x-fast', 'x-fast', 'x-fast', 'x-fast', 'x-fast', 'x-fast', 'x-fast', 'x-fast']"
947,"['x-slow', 'x-slow', 'slow', 'x-fast', 'x-fast', 'fast', 'slow', 'slow', 'slow', 'medium', 'x-fast', 'x-slow', 'x-fast', 'x-slow', 'x-fast', 'slow', 'slow', 'slow', 'slow', 'fast', 'medium', 'slow', 'fast', 'medium', 'x-slow', 'x-fast', 'slow', 'x-fast', 'x-fast', 'medium', 'x-slow', 'medium', 'fast', 'slow', 'medium', 'fast', 'slow', 'medium', 'x-slow', 'medium', 'slow', 'medium', 'slow', 'medium', 'fast', 'fast', 'x-fast', 'x-slow', 'fast', 'x-fast', 'x-slow', 'x-slow', 'slow', 'x-slow', 'slow', 'x-fast', 'fast', 'medium', 'x-slow', 'medium', 'x-slow', 'x-slow', 'slow', 'x-slow', 'x-fast', 'medium', 'x-slow', 'slow', 'medium', 'slow', 'medium', 'fast', 'x-fast', 'slow', 'fast', 'slow', 'fast', 'fast', 'x-fast', 'fast', 'x-slow', 'x-slow', 'medium', 'slow', 'fast', 'slow', 'slow', 'x-slow', 'x-slow', 'x-slow', 'slow', 'slow', 'fast', 'medium', 'fast', 'x-slow', 'medium', 'x-slow', 'medium', 'medium', 'x-fast', 'x-slow', 'x-fast', 'x-slow', 'x-fast', 'x-slow', 'x-fast', 'slow', 'slow', 'medium', 'x-slow', 'slow', 'slow', 'slow', 'slow', 'fast', 'x-slow', 'slow', 'x-slow', 'x-fast', 'slow', 'slow', 'medium', 'x-fast', 'fast', 'slow', 'x-fast', 'slow', 'medium', 'fast', 'medium', 'slow', 'x-fast', 'slow', 'fast', 'x-slow', 'medium', 'fast', 'x-slow', 'fast', 'slow', 'x-slow', 'fast', 'fast', 'x-slow', 'x-slow', 'fast', 'x-fast', 'x-slow', 'x-fast', 'medium', 'fast', 'slow', 'x-fast', 'x-slow', 'x-fast', 'fast', 'x-slow', 'slow', 'x-fast', 'x-fast', 'x-fast', 'slow', 'medium', 'medium', 'slow', 'fast', 'fast', 'x-slow', 'x-fast']","['medium', 'medium', 'medium', 'medium', 'medium', 'medium', 'medium', 'medium', 'medium', 'medium', 'medium', 'medium', 'medium', 'medium', 'medium', 'medium', 'medium', 'medium', 'medium', 'medium', 'medium', 'medium', 'medium', 'medium', 'medium', 'medium', 'medium', 'medium', 'medium', 'medium', 'medium', 'medium', 'medium', 'medium', 'medium', 'medium', 'medium', 'medium', 'medium', 'medium', 'medium', 'medium', 'medium', 'medium', 'medium', 'medium', 'medium', 'medium', 'medium', 'medium', 'medium', 'medium', 'medium', 'medium', 'medium', 'medium', 'medium', 'medium', 'medium', 'medium', 'medium', 'medium', 'medium', 'medium', 'medium', 'medium', 'medium', 'medium', 'medium', 'medium', 'medium', 'medium', 'medium', 'medium', 'medium', 'medium', 'medium', 'medium', 'medium', 'medium', 'medium', 'medium', 'medium', 'medium', 'medium', 'medium', 'medium', 'medium', 'medium', 'medium', 'medium', 'medium', 'medium', 'medium', 'medium', 'medium', 'medium', 'medium', 'medium', 'medium', 'medium', 'medium', 'medium', 'medium', 'medium', 'medium', 'medium', 'medium', 'medium', 'medium', 'medium', 'medium', 'medium', 'medium', 'medium', 'medium', 'medium', 'medium', 'medium', 'medium', 'medium', 'medium', 'medium', 'medium', 'medium', 'medium', 'medium', 'medium', 'medium', 'medium', 'medium', 'medium', 'medium', 'medium', 'medium', 'medium', 'medium', 'medium', 'medium', 'medium', 'medium', 'medium', 'medium', 'medium', 'medium', 'medium', 'medium', 'medium', 'medium', 'medium', 'medium', 'medium', 'medium', 'medium', 'medium', 'medium', 'medium', 'medium', 'medium', 'medium', 'medium', 'medium', 'medium', 'medium', 'medium', 'medium', 'medium', 'medium', 'medium', 'medium']"
1063,"['medium', 'x-fast', 'slow', 'x-slow', 'slow', 'x-slow', 'slow', 'fast', 'x-slow', 'x-fast', 'fast', 'medium', 'x-fast', 'fast', 'x-slow', 'fast', 'x-slow', 'slow', 'medium', 'x-slow', 'fast', 'medium', 'x-slow', 'x-fast', 'fast', 'slow', 'x-fast', 'medium', 'slow', 'x-slow', 'x-slow', 'slow', 'fast', 'fast', 'fast', 'fast', 'x-slow', 'slow', 'fast', 'slow', 'x-slow', 'x-fast', 'slow', 'fast', 'medium', 'fast', 'x-slow', 'fast', 'x-slow', 'medium', 'x-fast', 'medium', 'fast', 'x-fast', 'fast', 'x-fast', 'slow', 'x-fast', 'x-slow', 'x-slow', 'x-fast', 'slow', 'x-fast', 'x-fast', 'slow', 'x-slow', 'x-fast', 'x-slow', 'medium', 'x-fast', 'medium', 'x-slow', 'fast', 'slow', 'slow', 'fast', 'slow', 'x-fast', 'slow', 'x-slow', 'fast', 'x-fast', 'medium', 'x-slow', 'x-slow', 'medium', 'fast', 'slow', 'fast', 'medium', 'slow', 'x-fast', 'slow', 'medium', 'x-slow', 'medium', 'medium', 'x-slow', 'fast', 'x-slow', 'fast', 'fast', 'x-fast', 'x-fast', 'x-fast', 'medium', 'slow', 'medium', 'x-fast', 'x-slow', 'medium', 'fast', 'x-fast', 'fast', 'medium', 'x-fast', 'slow', 'medium', 'x-slow', 'x-fast', 'x-fast', 'slow', 'x-slow', 'x-slow', 'x-slow', 'x-fast', 'x-fast', 'slow', 'fast', 'x-slow', 'fast', 'fast', 'slow', 'medium', 'fast', 'fast', 'fast', 'x-slow', 'x-fast', 'fast', 'fast', 'x-slow', 'slow', 'x-slow', 'fast', 'slow', 'fast', 'medium', 'medium', 'x-slow', 'medium', 'fast', 'medium', 'x-slow', 'slow', 'slow', 'fast', 'slow', 'x-slow', 'slow', 'x-slow', 'fast', 'x-slow', 'fast', 'x-fast', 'medium', 'slow', 'slow', 'medium', 'x-fast', 'x-fast', 'slow', 'fast', 'fast', 'medium', 'fast', 'slow', 'x-slow', 'slow', 'fast', 'x-fast', 'slow', 'medium', 'medium', 'fast', 'x-slow', 'x-fast', 'x-fast', 'slow', 'slow', 'fast', 'medium', 'x-slow', 'medium', 'slow', 'slow', 'x-fast', 'x-fast', 'x-slow', 'slow', 'x-slow', 'fast', 'x-slow', 'slow', 'x-slow', 'fast', 'medium', 'fast', 'medium', 'fast', 'slow', 'x-slow', 'x-fast', 'x-slow', 'x-slow', 'x-slow', 'x-slow', 'fast', 'x-fast', 'medium', 'slow', 'x-fast', 'fast', 'fast', 'x-slow', 'fast', 'slow', 'x-fast', 'fast', 'x-slow', 'x-slow', 'x-slow', 'medium', 'x-slow', 'fast']","['x-fast', 'x-fast', 'x-fast', 'x-fast', 'x-fast', 'x-fast', 'x-fast', 'x-fast', 'x-fast', 'x-fast', 'x-fast', 'x-fast', 'x-fast', 'x-fast', 'x-fast', 'x-fast', 'x-fast', 'x-fast', 'x-fast', 'x-fast', 'x-fast', 'x-fast', 'x-fast', 'x-fast', 'x-fast', 'x-fast', 'x-fast', 'x-fast', 'x-fast', 'x-fast', 'x-fast', 'x-fast', 'x-fast', 'x-fast', 'x-fast', 'x-fast', 'x-fast', 'x-fast', 'x-fast', 'x-fast', 'x-fast', 'x-fast', 'x-fast', 'x-fast', 'x-fast', 'x-fast', 'x-fast', 'x-fast', 'x-fast', 'x-fast', 'x-fast', 'x-fast', 'x-fast', 'x-fast', 'x-fast', 'x-fast', 'x-fast', 'x-fast', 'x-fast', 'x-fast', 'x-fast', 'x-fast', 'x-fast', 'x-fast', 'x-fast', 'x-fast', 'x-fast', 'x-fast', 'x-fast', 'x-fast', 'x-fast', 'x-fast', 'x-fast', 'x-fast', 'x-fast', 'x-fast', 'x-fast', 'x-fast', 'x-fast', 'x-fast', 'x-fast', 'x-fast', 'x-fast', 'x-fast', 'x-fast', 'x-fast', 'x-fast', 'x-fast', 'x-fast', 'x-fast', 'x-fast', 'x-fast', 'x-fast', 'x-fast', 'x-fast', 'x-fast', 'x-fast', 'x-fast', 'x-fast', 'x-fast', 'x-fast', 'x-fast', 'x-fast', 'x-fast', 'x-fast', 'x-fast', 'x-fast', 'x-fast', 'x-fast', 'x-fast', 'x-fast', 'x-fast', 'x-fast', 'x-fast', 'x-fast', 'x-fast', 'x-fast', 'x-fast', 'x-fast', 'x-fast', 'x-fast', 'x-fast', 'x-fast', 'x-fast', 'x-fast', 'x-fast', 'x-fast', 'x-fast', 'x-fast', 'x-fast', 'x-fast', 'x-fast', 'x-fast', 'x-fast', 'x-fast', 'x-fast', 'x-fast', 'x-fast', 'x-fast', 'x-fast', 'x-fast', 'x-fast', 'x-fast', 'x-fast', 'x-fast', 'x-fast', 'x-fast', 'x-fast', 'x-fast', 'x-fast', 'x-fast', 'x-fast', 'x-fast', 'x-fast', 'x-fast', 'x-fast', 'x-fast', 'x-fast', 'x-fast', 'x-fast', 'x-fast', 'x-fast', 'x-fast', 'x-fast', 'x-fast', 'x-fast', 'x-fast', 'x-fast', 'x-fast', 'x-fast', 'x-fast', 'x-fast', 'x-fast', 'x-fast', 'x-fast', 'x-fast', 'x-fast', 'x-fast', 'x-fast', 'x-fast', 'x-fast', 'x-fast', 'x-fast', 'x-fast', 'x-fast', 'x-fast', 'x-fast', 'x-fast', 'x-fast', 'x-fast', 'x-fast', 'x-fast', 'x-fast', 'x-fast', 'x-fast', 'x-fast', 'x-fast', 'x-fast', 'x-fast', 'x-fast', 'x-fast', 'x-fast', 'x-fast', 'x-fast', 'x-fast', 'x-fast', 'x-fast', 'x-fast', 'x-fast', 'x-fast', 'x-fast', 'x-fast', 'x-fast', 'x-fast', 'x-fast', 'x-fast', 'x-fast', 'x-fast', 'x-fast', 'x-fast', 'x-fast', 'x-fast', 'x-fast', 'x-fast', 'x-fast', 'x-fast', 'x-fast', 'x-fast', 'x-fast', 'x-fast', 'x-fast', 'x-fast', 'x-fast', 'x-fast', 'x-fast']"
1104,"['x-fast', 'x-fast', 'slow', 'x-slow', 'slow', 'x-fast', 'fast', 'x-fast', 'fast', 'x-slow', 'slow', 'medium', 'medium', 'x-fast', 'x-slow', 'slow', 'fast', 'slow', 'x-fast', 'x-fast', 'medium', 'slow', 'medium', 'fast', 'fast', 'medium', 'slow', 'x-slow', 'medium', 'x-slow', 'x-fast', 'slow', 'x-slow', 'slow', 'x-fast', 'slow', 'x-fast', 'x-fast', 'medium', 'slow', 'x-slow', 'medium', 'fast', 'slow', 'medium', 'medium', 'x-fast', 'medium', 'slow', 'medium', 'x-fast', 'slow', 'fast', 'x-fast', 'x-slow', 'x-slow', 'x-fast', 'medium', 'fast', 'fast', 'x-slow', 'slow', 'x-fast', 'medium', 'x-slow', 'slow', 'slow', 'slow', 'fast', 'medium', 'medium', 'fast', 'x-slow', 'x-slow', 'slow', 'x-slow', 'slow', 'x-slow', 'fast', 'x-slow', 'x-fast', 'x-fast', 'fast', 'x-fast', 'fast', 'x-slow', 'medium', 'fast', 'medium', 'fast', 'fast', 'x-slow', 'x-slow', 'x-slow', 'fast', 'x-fast', 'x-slow', 'x-fast', 'x-fast', 'x-slow', 'fast', 'x-slow', 'x-fast', 'x-fast', 'slow', 'x-fast', 'slow', 'x-fast', 'x-slow', 'fast', 'medium']","['x-fast', 'x-fast', 'x-fast', 'x-fast', 'x-fast', 'x-fast', 'x-fast', 'x-fast', 'x-fast', 'x-fast', 'x-fast', 'x-fast', 'x-fast', 'x-fast', 'x-fast', 'x-fast', 'x-fast', 'x-fast', 'x-fast', 'x-fast', 'x-fast', 'x-fast', 'x-fast', 'x-fast', 'x-fast', 'x-fast', 'x-fast', 'x-fast', 'x-fast', 'x-fast', 'x-fast', 'x-fast', 'x-fast', 'x-fast', 'x-fast', 'x-fast', 'x-fast', 'x-fast', 'x-fast', 'x-fast', 'x-fast', 'x-fast', 'x-fast', 'x-fast', 'x-fast', 'x-fast', 'x-fast', 'x-fast', 'x-fast', 'x-fast', 'x-fast', 'x-fast', 'x-fast', 'x-fast', 'x-fast', 'x-fast', 'x-fast', 'x-fast', 'x-fast', 'x-fast', 'x-fast', 'x-fast', 'x-fast', 'x-fast', 'x-fast', 'x-fast', 'x-fast', 'x-fast', 'x-fast', 'x-fast', 'x-fast', 'x-fast', 'x-fast', 'x-fast', 'x-fast', 'x-fast', 'x-fast', 'x-fast', 'x-fast', 'x-fast', 'x-fast', 'x-fast', 'x-fast', 'x-fast', 'x-fast', 'x-fast', 'x-fast', 'x-fast', 'x-fast', 'x-fast', 'x-fast', 'x-fast', 'x-fast', 'x-fast', 'x-fast', 'x-fast', 'x-fast', 'x-fast', 'x-fast', 'x-fast', 'x-fast', 'x-fast', 'x-fast', 'x-fast', 'x-fast', 'x-fast', 'x-fast', 'x-fast', 'x-fast', 'x-fast', 'x-fast']"
